household_id,month,household_size,ac_units,has_geyser,avg_temp_c,consumption_kwh
0,1,4,0,0,14.1,160.4
0,2,4,0,0,15.6,142.5
0,3,4,0,0,19.0,178.1
0,4,4,0,0,27.6,204.8
0,5,4,0,0,30.8,214.1
0,6,4,0,0,32.0,210.9
0,7,4,0,0,29.9,182.6
0,8,4,0,0,27.3,174.8
0,9,4,0,0,22.2,183.6
0,10,4,0,0,18.7,142.7
0,11,4,0,0,12.6,167.0
0,12,4,0,0,9.0,157.4
1,1,2,0,0,14.5,85.8
1,2,2,0,0,18.7,103.5
1,3,2,0,0,21.4,112.6
1,4,2,0,0,27.8,140.0
1,5,2,0,0,28.6,144.3
1,6,2,0,0,31.3,149.3
1,7,2,0,0,30.4,140.9
1,8,2,0,0,28.0,124.4
1,9,2,0,0,20.6,140.8
1,10,2,0,0,18.2,130.9
1,11,2,0,0,13.7,118.7
1,12,2,0,0,12.7,100.0
2,1,4,0,0,14.2,154.7
2,2,4,0,0,18.3,153.1
2,3,4,0,0,21.7,176.5
2,4,4,0,0,24.7,229.2
2,5,4,0,0,30.4,211.1
2,6,4,0,0,33.8,205.2
2,7,4,0,0,31.9,187.6
2,8,4,0,0,25.4,183.1
2,9,4,0,0,23.5,193.5
2,10,4,0,0,19.2,148.1
2,11,4,0,0,18.4,133.0
2,12,4,0,0,11.4,143.3
3,1,5,2,0,11.2,295.9
3,2,5,2,0,18.4,295.1
3,3,5,2,0,21.2,355.2
3,4,5,2,0,25.8,448.5
3,5,5,2,0,30.3,441.7
3,6,5,2,0,32.8,464.6
3,7,5,2,0,31.0,392.7
3,8,5,2,0,29.1,387.8
3,9,5,2,0,21.5,381.8
3,10,5,2,0,16.6,287.7
3,11,5,2,0,15.3,286.4
3,12,5,2,0,8.0,282.5
4,1,5,0,0,14.0,164.5
4,2,5,0,0,17.3,142.2
4,3,5,0,0,20.6,229.6
4,4,5,0,0,27.0,229.7
4,5,5,0,0,29.1,237.8
4,6,5,0,0,32.2,244.6
4,7,5,0,0,29.7,212.8
4,8,5,0,0,27.7,209.6
4,9,5,0,0,21.1,207.7
4,10,5,0,0,17.5,166.4
4,11,5,0,0,14.5,152.7
4,12,5,0,0,10.8,175.8
5,1,5,1,1,12.0,244.5
5,2,5,1,1,16.3,258.1
5,3,5,1,1,24.6,329.1
5,4,5,1,1,27.0,368.2
5,5,5,1,1,31.6,361.6
5,6,5,1,1,32.8,366.3
5,7,5,1,1,31.6,322.3
5,8,5,1,1,26.4,309.5
5,9,5,1,1,21.5,322.8
5,10,5,1,1,18.6,255.2
5,11,5,1,1,15.4,276.8
5,12,5,1,1,11.5,240.7
6,1,4,0,1,11.2,176.3
6,2,4,0,1,18.9,151.6
6,3,4,0,1,22.9,221.6
6,4,4,0,1,27.3,253.2
6,5,4,0,1,30.9,228.4
6,6,4,0,1,33.6,258.9
6,7,4,0,1,31.8,195.5
6,8,4,0,1,25.9,193.4
6,9,4,0,1,23.2,222.2
6,10,4,0,1,17.6,173.3
6,11,4,0,1,12.0,163.8
6,12,4,0,1,9.9,152.7
7,1,5,2,1,15.2,314.2
7,2,5,2,1,21.1,318.4
7,3,5,2,1,19.9,393.7
7,4,5,2,1,25.6,477.9
7,5,5,2,1,30.7,472.8
7,6,5,2,1,31.8,485.0
7,7,5,2,1,30.0,419.5
7,8,5,2,1,28.6,403.9
7,9,5,2,1,20.6,389.1
7,10,5,2,1,18.1,313.5
7,11,5,2,1,14.3,327.5
7,12,5,2,1,12.3,293.5
8,1,2,2,1,13.9,244.9
8,2,2,2,1,18.6,258.4
8,3,2,2,1,19.9,296.6
8,4,2,2,1,27.8,374.6
8,5,2,2,1,31.4,420.5
8,6,2,2,1,32.9,390.2
8,7,2,2,1,32.1,335.2
8,8,2,2,1,26.5,327.6
8,9,2,2,1,20.8,306.5
8,10,2,2,1,16.3,243.0
8,11,2,2,1,16.8,220.5
8,12,2,2,1,13.0,217.5
9,1,1,1,1,12.0,149.6
9,2,1,1,1,19.3,161.0
9,3,1,1,1,22.8,187.0
9,4,1,1,1,30.6,262.6
9,5,1,1,1,32.7,252.1
9,6,1,1,1,32.0,246.9
9,7,1,1,1,32.2,202.2
9,8,1,1,1,26.3,185.0
9,9,1,1,1,20.8,220.6
9,10,1,1,1,16.5,153.4
9,11,1,1,1,13.8,135.7
9,12,1,1,1,13.4,169.9
10,1,5,0,1,13.9,204.3
10,2,5,0,1,15.0,206.6
10,3,5,0,1,20.9,220.4
10,4,5,0,1,26.6,299.2
10,5,5,0,1,30.6,265.6
10,6,5,0,1,30.1,275.5
10,7,5,0,1,27.7,220.1
10,8,5,0,1,29.3,251.6
10,9,5,0,1,21.8,230.2
10,10,5,0,1,17.1,212.7
10,11,5,0,1,13.9,195.4
10,12,5,0,1,11.7,185.2
11,1,3,1,1,13.7,196.7
11,2,3,1,1,17.7,216.8
11,3,3,1,1,22.8,272.4
11,4,3,1,1,26.0,293.9
11,5,3,1,1,29.8,292.2
11,6,3,1,1,32.2,304.1
11,7,3,1,1,32.5,252.0
11,8,3,1,1,29.3,253.2
11,9,3,1,1,20.1,247.7
11,10,3,1,1,19.9,204.5
11,11,3,1,1,14.1,198.1
11,12,3,1,1,11.9,192.4
12,1,5,0,1,15.9,162.0
12,2,5,0,1,19.4,190.8
12,3,5,0,1,21.4,229.2
12,4,5,0,1,28.6,279.5
12,5,5,0,1,28.4,281.1
12,6,5,0,1,33.7,287.0
12,7,5,0,1,29.7,219.6
12,8,5,0,1,26.5,274.8
12,9,5,0,1,19.7,225.6
12,10,5,0,1,17.6,183.0
12,11,5,0,1,13.0,208.8
12,12,5,0,1,10.7,184.3
13,1,5,2,1,11.2,304.6
13,2,5,2,1,19.7,319.9
13,3,5,2,1,22.1,398.7
13,4,5,2,1,26.6,482.0
13,5,5,2,1,29.9,456.8
13,6,5,2,1,29.6,473.6
13,7,5,2,1,32.3,416.7
13,8,5,2,1,26.5,410.2
13,9,5,2,1,22.3,407.8
13,10,5,2,1,19.0,302.4
13,11,5,2,1,9.8,295.0
13,12,5,2,1,10.5,310.2
14,1,3,2,1,12.5,240.6
14,2,3,2,1,19.4,275.2
14,3,3,2,1,23.0,347.9
14,4,3,2,1,28.3,416.6
14,5,3,2,1,29.9,388.5
14,6,3,2,1,30.7,406.4
14,7,3,2,1,26.8,361.4
14,8,3,2,1,24.2,350.6
14,9,3,2,1,21.7,343.0
14,10,3,2,1,16.3,267.2
14,11,3,2,1,12.6,252.0
14,12,3,2,1,10.7,273.9
15,1,1,2,0,16.6,192.4
15,2,1,2,0,15.7,193.5
15,3,1,2,0,18.8,248.0
15,4,1,2,0,25.9,306.4
15,5,1,2,0,31.2,335.6
15,6,1,2,0,33.4,309.8
15,7,1,2,0,29.3,277.1
15,8,1,2,0,25.0,286.3
15,9,1,2,0,23.8,256.7
15,10,1,2,0,14.4,214.8
15,11,1,2,0,13.2,211.4
15,12,1,2,0,9.6,183.7
16,1,4,0,1,13.8,164.3
16,2,4,0,1,19.4,169.2
16,3,4,0,1,21.0,223.3
16,4,4,0,1,25.9,235.2
16,5,4,0,1,29.4,231.8
16,6,4,0,1,32.5,239.9
16,7,4,0,1,25.4,203.8
16,8,4,0,1,26.2,217.7
16,9,4,0,1,21.2,237.5
16,10,4,0,1,19.1,157.3
16,11,4,0,1,15.1,168.3
16,12,4,0,1,12.4,171.6
17,1,2,1,1,14.6,202.8
17,2,2,1,1,17.4,175.0
17,3,2,1,1,19.0,251.5
17,4,2,1,1,26.6,277.5
17,5,2,1,1,33.5,279.3
17,6,2,1,1,31.7,292.2
17,7,2,1,1,31.4,244.9
17,8,2,1,1,24.7,247.0
17,9,2,1,1,22.6,214.3
17,10,2,1,1,17.7,155.9
17,11,2,1,1,16.9,166.8
17,12,2,1,1,14.4,168.3
18,1,4,0,1,16.4,158.2
18,2,4,0,1,16.3,156.3
18,3,4,0,1,20.8,200.3
18,4,4,0,1,24.8,240.7
18,5,4,0,1,30.7,215.6
18,6,4,0,1,31.8,243.5
18,7,4,0,1,31.4,221.5
18,8,4,0,1,28.3,199.6
18,9,4,0,1,20.9,214.0
18,10,4,0,1,16.2,147.3
18,11,4,0,1,16.9,158.3
18,12,4,0,1,11.1,135.7
19,1,5,1,0,14.6,215.8
19,2,5,1,0,17.0,241.3
19,3,5,1,0,20.5,293.4
19,4,5,1,0,29.3,317.9
19,5,5,1,0,29.4,336.7
19,6,5,1,0,31.7,348.8
19,7,5,1,0,29.1,291.4
19,8,5,1,0,25.8,292.5
19,9,5,1,0,22.3,304.8
19,10,5,1,0,18.6,238.7
19,11,5,1,0,12.0,225.6
19,12,5,1,0,15.6,240.6
20,1,1,2,0,14.4,195.1
20,2,1,2,0,14.9,206.4
20,3,1,2,0,18.9,254.2
20,4,1,2,0,26.1,289.9
20,5,1,2,0,32.4,314.7
20,6,1,2,0,32.3,325.8
20,7,1,2,0,30.6,278.7
20,8,1,2,0,28.2,276.2
20,9,1,2,0,22.4,281.5
20,10,1,2,0,18.9,204.7
20,11,1,2,0,12.0,202.3
20,12,1,2,0,12.3,215.7
21,1,1,1,1,13.4,144.2
21,2,1,1,1,16.7,163.1
21,3,1,1,1,19.4,214.4
21,4,1,1,1,30.1,216.7
21,5,1,1,1,28.6,241.6
21,6,1,1,1,31.1,244.0
21,7,1,1,1,30.6,196.2
21,8,1,1,1,28.9,212.7
21,9,1,1,1,21.2,219.0
21,10,1,1,1,16.2,142.1
21,11,1,1,1,13.6,159.1
21,12,1,1,1,12.8,162.6
22,1,4,1,1,12.5,213.3
22,2,4,1,1,18.1,228.9
22,3,4,1,1,23.2,268.3
22,4,4,1,1,26.2,361.1
22,5,4,1,1,31.5,346.0
22,6,4,1,1,33.1,370.2
22,7,4,1,1,33.7,278.2
22,8,4,1,1,25.2,271.0
22,9,4,1,1,20.9,287.6
22,10,4,1,1,17.4,207.0
22,11,4,1,1,10.5,210.8
22,12,4,1,1,13.4,235.3
23,1,4,2,1,15.9,286.0
23,2,4,2,1,18.2,302.3
23,3,4,2,1,21.3,372.2
23,4,4,2,1,28.0,425.4
23,5,4,2,1,33.1,444.0
23,6,4,2,1,32.1,431.5
23,7,4,2,1,29.5,354.3
23,8,4,2,1,27.1,406.9
23,9,4,2,1,20.5,402.0
23,10,4,2,1,19.1,285.9
23,11,4,2,1,13.4,280.8
23,12,4,2,1,14.6,290.5
24,1,3,0,1,13.2,143.4
24,2,3,0,1,16.4,122.1
24,3,3,0,1,23.2,160.2
24,4,3,0,1,26.6,204.0
24,5,3,0,1,31.6,228.0
24,6,3,0,1,33.8,217.3
24,7,3,0,1,29.7,176.0
24,8,3,0,1,26.5,172.6
24,9,3,0,1,21.4,173.1
24,10,3,0,1,16.3,150.9
24,11,3,0,1,11.8,130.7
24,12,3,0,1,9.6,156.5
25,1,5,0,0,14.1,182.3
25,2,5,0,0,16.7,155.1
25,3,5,0,0,19.7,179.3
25,4,5,0,0,27.2,259.1
25,5,5,0,0,31.4,231.4
25,6,5,0,0,33.6,241.4
25,7,5,0,0,29.3,204.1
25,8,5,0,0,27.1,194.9
25,9,5,0,0,21.9,217.9
25,10,5,0,0,18.7,168.6
25,11,5,0,0,11.3,168.3
25,12,5,0,0,10.4,153.1
26,1,3,2,1,12.7,233.3
26,2,3,2,1,14.8,279.8
26,3,3,2,1,22.5,354.7
26,4,3,2,1,28.6,391.4
26,5,3,2,1,34.3,436.0
26,6,3,2,1,31.2,364.8
26,7,3,2,1,30.1,355.8
26,8,3,2,1,26.1,343.9
26,9,3,2,1,20.8,349.0
26,10,3,2,1,17.1,277.3
26,11,3,2,1,15.2,236.7
26,12,3,2,1,10.8,248.4
27,1,5,1,0,14.8,229.9
27,2,5,1,0,19.6,237.0
27,3,5,1,0,23.9,300.1
27,4,5,1,0,26.6,332.6
27,5,5,1,0,29.8,344.7
27,6,5,1,0,34.0,360.5
27,7,5,1,0,31.2,311.4
27,8,5,1,0,27.8,301.4
27,9,5,1,0,19.8,305.5
27,10,5,1,0,16.3,242.1
27,11,5,1,0,15.1,220.1
27,12,5,1,0,13.4,222.4
28,1,3,1,1,14.8,200.5
28,2,3,1,1,16.5,218.3
28,3,3,1,1,25.2,269.8
28,4,3,1,1,26.1,299.3
28,5,3,1,1,28.7,307.7
28,6,3,1,1,29.6,313.8
28,7,3,1,1,33.7,277.0
28,8,3,1,1,26.3,268.9
28,9,3,1,1,24.4,279.9
28,10,3,1,1,15.5,207.5
28,11,3,1,1,13.1,209.2
28,12,3,1,1,12.6,170.6
29,1,2,1,1,13.6,168.3
29,2,2,1,1,16.1,162.5
29,3,2,1,1,20.6,213.0
29,4,2,1,1,25.5,282.8
29,5,2,1,1,29.2,304.7
29,6,2,1,1,32.7,278.2
29,7,2,1,1,29.4,244.7
29,8,2,1,1,26.1,235.1
29,9,2,1,1,25.8,232.3
29,10,2,1,1,18.7,173.0
29,11,2,1,1,13.3,198.4
29,12,2,1,1,11.1,197.1
30,1,3,2,0,14.8,237.1
30,2,3,2,0,17.3,271.6
30,3,3,2,0,23.0,334.0
30,4,3,2,0,28.2,387.0
30,5,3,2,0,30.7,380.0
30,6,3,2,0,32.4,391.4
30,7,3,2,0,30.2,331.6
30,8,3,2,0,26.5,325.6
30,9,3,2,0,20.1,345.2
30,10,3,2,0,15.9,241.6
30,11,3,2,0,12.1,247.3
30,12,3,2,0,11.7,227.7
31,1,5,1,1,13.2,236.6
31,2,5,1,1,20.3,254.3
31,3,5,1,1,20.1,332.0
31,4,5,1,1,25.7,404.5
31,5,5,1,1,30.8,387.8
31,6,5,1,1,28.9,358.7
31,7,5,1,1,32.7,328.9
31,8,5,1,1,30.1,328.9
31,9,5,1,1,22.2,337.3
31,10,5,1,1,18.5,246.5
31,11,5,1,1,11.7,214.9
31,12,5,1,1,11.3,228.8
32,1,3,2,1,15.2,254.6
32,2,3,2,1,16.2,234.7
32,3,3,2,1,23.4,345.9
32,4,3,2,1,24.5,375.8
32,5,3,2,1,29.4,414.2
32,6,3,2,1,31.5,398.6
32,7,3,2,1,29.2,338.8
32,8,3,2,1,24.1,328.8
32,9,3,2,1,20.4,345.6
32,10,3,2,1,16.8,255.4
32,11,3,2,1,16.8,257.4
32,12,3,2,1,13.8,280.0
33,1,5,1,0,12.6,218.9
33,2,5,1,0,17.8,222.8
33,3,5,1,0,21.3,291.0
33,4,5,1,0,26.4,331.1
33,5,5,1,0,31.9,362.1
33,6,5,1,0,32.5,345.5
33,7,5,1,0,29.6,291.2
33,8,5,1,0,30.5,311.7
33,9,5,1,0,20.7,294.6
33,10,5,1,0,16.5,236.2
33,11,5,1,0,14.2,240.3
33,12,5,1,0,10.7,225.8
34,1,4,2,0,13.0,265.0
34,2,4,2,0,17.8,272.0
34,3,4,2,0,22.1,358.2
34,4,4,2,0,27.2,418.4
34,5,4,2,0,31.5,439.1
34,6,4,2,0,32.6,424.3
34,7,4,2,0,32.3,363.0
34,8,4,2,0,26.0,346.5
34,9,4,2,0,21.3,333.2
34,10,4,2,0,17.5,263.4
34,11,4,2,0,13.6,262.9
34,12,4,2,0,11.9,268.8
35,1,2,1,1,13.7,175.6
35,2,2,1,1,15.8,189.5
35,3,2,1,1,23.0,208.4
35,4,2,1,1,26.6,260.4
35,5,2,1,1,30.1,265.8
35,6,2,1,1,31.9,271.3
35,7,2,1,1,30.1,250.1
35,8,2,1,1,27.8,226.6
35,9,2,1,1,21.2,235.6
35,10,2,1,1,17.7,173.4
35,11,2,1,1,13.0,199.1
35,12,2,1,1,11.1,198.3
36,1,3,2,1,12.4,256.3
36,2,3,2,1,16.3,278.1
36,3,3,2,1,21.1,347.4
36,4,3,2,1,28.0,402.0
36,5,3,2,1,32.6,411.2
36,6,3,2,1,33.3,405.0
36,7,3,2,1,29.6,360.8
36,8,3,2,1,27.6,351.9
36,9,3,2,1,21.5,357.7
36,10,3,2,1,15.3,249.0
36,11,3,2,1,14.8,272.4
36,12,3,2,1,12.5,255.1
37,1,4,1,1,14.1,222.4
37,2,4,1,1,17.4,222.7
37,3,4,1,1,23.1,297.4
37,4,4,1,1,27.7,346.7
37,5,4,1,1,29.2,344.5
37,6,4,1,1,33.9,350.2
37,7,4,1,1,29.1,292.9
37,8,4,1,1,27.6,283.2
37,9,4,1,1,20.0,282.4
37,10,4,1,1,15.9,224.0
37,11,4,1,1,11.0,227.0
37,12,4,1,1,11.0,232.3
38,1,5,0,0,13.1,158.2
38,2,5,0,0,20.7,160.5
38,3,5,0,0,23.5,199.6
38,4,5,0,0,27.6,255.5
38,5,5,0,0,30.6,242.9
38,6,5,0,0,31.6,244.9
38,7,5,0,0,34.3,212.5
38,8,5,0,0,27.8,234.1
38,9,5,0,0,20.7,213.2
38,10,5,0,0,16.6,165.5
38,11,5,0,0,13.1,157.7
38,12,5,0,0,12.3,153.7
39,1,2,1,1,13.5,174.0
39,2,2,1,1,17.3,190.9
39,3,2,1,1,24.2,250.4
39,4,2,1,1,27.6,269.7
39,5,2,1,1,30.9,280.7
39,6,2,1,1,32.8,291.7
39,7,2,1,1,33.8,237.4
39,8,2,1,1,30.2,251.0
39,9,2,1,1,21.8,248.2
39,10,2,1,1,19.5,176.6
39,11,2,1,1,15.9,192.2
39,12,2,1,1,15.6,173.9
40,1,3,2,1,14.2,265.7
40,2,3,2,1,16.2,263.4
40,3,3,2,1,20.0,351.2
40,4,3,2,1,26.3,436.9
40,5,3,2,1,30.4,397.3
40,6,3,2,1,31.4,391.0
40,7,3,2,1,31.4,349.9
40,8,3,2,1,28.7,347.4
40,9,3,2,1,24.1,352.4
40,10,3,2,1,17.0,284.7
40,11,3,2,1,14.8,297.5
40,12,3,2,1,11.4,257.6
41,1,2,1,1,14.2,191.5
41,2,2,1,1,15.1,160.0
41,3,2,1,1,23.9,230.3
41,4,2,1,1,28.1,263.6
41,5,2,1,1,33.1,257.8
41,6,2,1,1,29.9,291.0
41,7,2,1,1,26.7,238.7
41,8,2,1,1,26.8,225.4
41,9,2,1,1,21.7,219.9
41,10,2,1,1,19.3,203.6
41,11,2,1,1,12.3,179.7
41,12,2,1,1,10.0,187.4
42,1,4,1,1,13.4,221.1
42,2,4,1,1,14.6,241.7
42,3,4,1,1,20.8,277.8
42,4,4,1,1,26.8,350.6
42,5,4,1,1,29.8,317.6
42,6,4,1,1,30.7,346.9
42,7,4,1,1,33.9,282.3
42,8,4,1,1,25.1,272.1
42,9,4,1,1,19.5,300.4
42,10,4,1,1,19.2,229.0
42,11,4,1,1,12.6,243.1
42,12,4,1,1,12.3,234.4
43,1,3,0,0,11.5,129.1
43,2,3,0,0,17.3,110.8
43,3,3,0,0,20.7,174.6
43,4,3,0,0,30.0,179.7
43,5,3,0,0,30.8,187.1
43,6,3,0,0,32.2,162.2
43,7,3,0,0,31.3,130.2
43,8,3,0,0,25.9,161.3
43,9,3,0,0,22.9,145.5
43,10,3,0,0,16.3,114.4
43,11,3,0,0,13.2,121.2
43,12,3,0,0,13.0,115.3
44,1,1,2,1,15.0,231.7
44,2,1,2,1,18.0,208.5
44,3,1,2,1,24.5,272.6
44,4,1,2,1,27.5,325.1
44,5,1,2,1,30.6,343.1
44,6,1,2,1,32.5,347.3
44,7,1,2,1,33.1,305.6
44,8,1,2,1,26.6,301.4
44,9,1,2,1,23.8,270.6
44,10,1,2,1,17.9,230.5
44,11,1,2,1,12.9,230.6
44,12,1,2,1,11.8,213.8
45,1,1,0,0,11.4,56.8
45,2,1,0,0,15.7,95.1
45,3,1,0,0,19.7,94.1
45,4,1,0,0,25.1,107.5
45,5,1,0,0,30.9,106.3
45,6,1,0,0,33.6,133.2
45,7,1,0,0,27.3,89.6
45,8,1,0,0,27.1,111.3
45,9,1,0,0,21.3,97.5
45,10,1,0,0,15.3,58.1
45,11,1,0,0,15.5,54.6
45,12,1,0,0,15.5,85.2
46,1,2,2,1,12.9,251.8
46,2,2,2,1,17.2,248.1
46,3,2,2,1,20.2,302.5
46,4,2,2,1,24.9,362.7
46,5,2,2,1,31.2,360.7
46,6,2,2,1,35.1,383.5
46,7,2,2,1,30.7,334.4
46,8,2,2,1,25.8,319.2
46,9,2,2,1,20.9,328.2
46,10,2,2,1,15.4,241.4
46,11,2,2,1,13.8,242.9
46,12,2,2,1,11.1,223.1
47,1,1,1,0,13.1,146.1
47,2,1,1,0,17.7,112.8
47,3,1,1,0,22.4,205.9
47,4,1,1,0,29.0,217.3
47,5,1,1,0,29.1,218.0
47,6,1,1,0,33.1,212.4
47,7,1,1,0,31.1,204.0
47,8,1,1,0,25.7,168.9
47,9,1,1,0,23.0,184.9
47,10,1,1,0,18.5,147.7
47,11,1,1,0,12.5,141.2
47,12,1,1,0,10.3,131.2
48,1,1,2,1,17.0,198.1
48,2,1,2,1,16.2,208.1
48,3,1,2,1,20.9,273.1
48,4,1,2,1,25.0,339.3
48,5,1,2,1,29.8,340.0
48,6,1,2,1,31.3,332.1
48,7,1,2,1,33.2,311.4
48,8,1,2,1,24.2,262.3
48,9,1,2,1,23.6,278.7
48,10,1,2,1,14.5,229.3
48,11,1,2,1,13.6,218.3
48,12,1,2,1,13.2,198.9
49,1,4,2,1,11.2,264.2
49,2,4,2,1,15.5,310.7
49,3,4,2,1,22.7,381.5
49,4,4,2,1,27.3,427.9
49,5,4,2,1,31.6,423.4
49,6,4,2,1,30.4,448.9
49,7,4,2,1,28.6,377.0
49,8,4,2,1,26.8,370.0
49,9,4,2,1,19.1,356.5
49,10,4,2,1,15.8,288.2
49,11,4,2,1,13.5,287.1
49,12,4,2,1,11.0,284.9
50,1,2,1,1,9.8,168.4
50,2,2,1,1,15.9,188.7
50,3,2,1,1,21.0,232.9
50,4,2,1,1,28.2,264.1
50,5,2,1,1,31.1,286.7
50,6,2,1,1,30.1,274.2
50,7,2,1,1,29.6,222.4
50,8,2,1,1,24.7,218.2
50,9,2,1,1,22.1,211.1
50,10,2,1,1,16.2,189.2
50,11,2,1,1,14.0,171.3
50,12,2,1,1,14.5,200.8
51,1,4,1,1,14.7,195.7
51,2,4,1,1,19.2,239.9
51,3,4,1,1,24.7,293.1
51,4,4,1,1,26.5,333.0
51,5,4,1,1,29.8,352.9
51,6,4,1,1,33.1,345.1
51,7,4,1,1,29.6,325.5
51,8,4,1,1,28.4,273.8
51,9,4,1,1,21.2,298.4
51,10,4,1,1,15.8,228.4
51,11,4,1,1,14.8,182.7
51,12,4,1,1,11.8,220.1
52,1,4,0,1,12.8,169.6
52,2,4,0,1,17.1,159.2
52,3,4,0,1,20.0,188.2
52,4,4,0,1,25.0,246.3
52,5,4,0,1,30.5,225.2
52,6,4,0,1,33.0,259.5
52,7,4,0,1,29.8,186.1
52,8,4,0,1,25.9,217.3
52,9,4,0,1,22.8,195.9
52,10,4,0,1,19.3,178.2
52,11,4,0,1,12.2,153.1
52,12,4,0,1,11.1,155.9
53,1,4,1,1,11.3,217.8
53,2,4,1,1,15.2,202.1
53,3,4,1,1,22.8,297.6
53,4,4,1,1,26.1,307.1
53,5,4,1,1,29.8,345.8
53,6,4,1,1,29.8,343.3
53,7,4,1,1,30.6,301.7
53,8,4,1,1,27.2,280.3
53,9,4,1,1,23.8,287.4
53,10,4,1,1,17.0,213.9
53,11,4,1,1,12.7,211.0
53,12,4,1,1,11.7,241.4
54,1,1,0,0,15.5,74.0
54,2,1,0,0,16.0,89.0
54,3,1,0,0,21.1,119.7
54,4,1,0,0,28.0,108.9
54,5,1,0,0,33.9,107.5
54,6,1,0,0,33.1,118.3
54,7,1,0,0,32.6,116.5
54,8,1,0,0,27.0,88.7
54,9,1,0,0,22.7,89.6
54,10,1,0,0,20.0,78.1
54,11,1,0,0,12.8,78.7
54,12,1,0,0,10.0,64.8
55,1,3,2,1,12.4,272.7
55,2,3,2,1,18.9,242.2
55,3,3,2,1,20.8,336.3
55,4,3,2,1,28.4,403.6
55,5,3,2,1,29.6,413.7
55,6,3,2,1,31.7,407.0
55,7,3,2,1,30.6,360.6
55,8,3,2,1,26.5,355.5
55,9,3,2,1,21.9,327.0
55,10,3,2,1,16.9,253.4
55,11,3,2,1,13.4,269.9
55,12,3,2,1,10.4,259.5
56,1,2,2,0,12.1,219.8
56,2,2,2,0,18.3,201.7
56,3,2,2,0,20.3,281.1
56,4,2,2,0,27.5,339.0
56,5,2,2,0,30.6,370.5
56,6,2,2,0,30.2,358.9
56,7,2,2,0,30.1,307.8
56,8,2,2,0,30.2,309.6
56,9,2,2,0,22.6,308.3
56,10,2,2,0,18.7,218.3
56,11,2,2,0,13.8,199.4
56,12,2,2,0,11.2,219.7
57,1,5,2,0,13.3,293.2
57,2,5,2,0,16.4,280.4
57,3,5,2,0,24.2,372.0
57,4,5,2,0,28.0,460.3
57,5,5,2,0,30.9,437.4
57,6,5,2,0,31.7,461.2
57,7,5,2,0,31.0,374.3
57,8,5,2,0,27.9,393.1
57,9,5,2,0,21.5,380.9
57,10,5,2,0,17.4,290.9
57,11,5,2,0,11.4,296.7
57,12,5,2,0,13.1,293.5
58,1,3,2,1,14.4,234.9
58,2,3,2,1,18.8,269.6
58,3,3,2,1,22.5,344.5
58,4,3,2,1,28.2,416.3
58,5,3,2,1,31.6,414.0
58,6,3,2,1,32.3,369.3
58,7,3,2,1,30.2,341.8
58,8,3,2,1,28.8,358.3
58,9,3,2,1,21.3,334.6
58,10,3,2,1,16.4,259.8
58,11,3,2,1,11.2,236.4
58,12,3,2,1,12.0,270.7
59,1,3,0,1,16.1,162.1
59,2,3,0,1,19.4,151.0
59,3,3,0,1,21.1,188.2
59,4,3,0,1,27.0,225.0
59,5,3,0,1,32.3,201.5
59,6,3,0,1,33.4,217.4
59,7,3,0,1,26.5,187.9
59,8,3,0,1,26.4,167.6
59,9,3,0,1,20.7,176.6
59,10,3,0,1,17.7,123.1
59,11,3,0,1,13.6,146.4
59,12,3,0,1,14.8,126.6
60,1,3,2,1,12.8,272.0
60,2,3,2,1,19.8,288.7
60,3,3,2,1,21.3,325.3
60,4,3,2,1,27.2,380.1
60,5,3,2,1,31.1,405.8
60,6,3,2,1,31.3,388.7
60,7,3,2,1,31.4,348.6
60,8,3,2,1,25.2,310.7
60,9,3,2,1,22.0,361.2
60,10,3,2,1,19.5,264.2
60,11,3,2,1,12.4,264.0
60,12,3,2,1,10.5,258.9
61,1,4,0,1,11.9,151.3
61,2,4,0,1,17.5,159.3
61,3,4,0,1,20.7,195.9
61,4,4,0,1,26.5,261.8
61,5,4,0,1,29.9,242.8
61,6,4,0,1,32.2,229.4
61,7,4,0,1,28.0,194.7
61,8,4,0,1,27.4,208.0
61,9,4,0,1,23.1,208.2
61,10,4,0,1,16.8,154.8
61,11,4,0,1,14.7,151.0
61,12,4,0,1,10.3,168.8
62,1,1,2,0,12.4,214.9
62,2,1,2,0,17.4,196.2
62,3,1,2,0,22.6,260.8
62,4,1,2,0,26.3,288.5
62,5,1,2,0,32.8,318.3
62,6,1,2,0,35.3,331.0
62,7,1,2,0,31.5,269.4
62,8,1,2,0,25.4,262.2
62,9,1,2,0,20.3,264.6
62,10,1,2,0,19.4,203.5
62,11,1,2,0,14.8,190.8
62,12,1,2,0,11.5,184.2
63,1,3,2,1,12.4,248.7
63,2,3,2,1,16.3,253.1
63,3,3,2,1,22.2,359.7
63,4,3,2,1,27.5,398.7
63,5,3,2,1,30.2,387.3
63,6,3,2,1,33.3,410.1
63,7,3,2,1,30.4,391.7
63,8,3,2,1,27.4,339.6
63,9,3,2,1,21.4,352.7
63,10,3,2,1,17.2,248.7
63,11,3,2,1,14.7,254.0
63,12,3,2,1,14.8,275.2
64,1,1,2,0,13.4,208.4
64,2,1,2,0,20.0,185.6
64,3,1,2,0,22.6,246.9
64,4,1,2,0,28.2,305.1
64,5,1,2,0,30.7,297.0
64,6,1,2,0,31.4,314.5
64,7,1,2,0,32.7,267.0
64,8,1,2,0,26.2,277.5
64,9,1,2,0,20.7,271.1
64,10,1,2,0,17.0,206.3
64,11,1,2,0,13.9,190.3
64,12,1,2,0,12.6,186.4
65,1,3,0,0,12.6,128.2
65,2,3,0,0,17.4,120.6
65,3,3,0,0,20.1,143.1
65,4,3,0,0,27.4,191.0
65,5,3,0,0,29.0,172.2
65,6,3,0,0,32.2,183.6
65,7,3,0,0,28.2,157.2
65,8,3,0,0,26.1,174.9
65,9,3,0,0,22.4,160.3
65,10,3,0,0,17.7,106.9
65,11,3,0,0,16.3,102.0
65,12,3,0,0,13.2,128.9
66,1,3,2,0,12.6,244.2
66,2,3,2,0,15.6,251.5
66,3,3,2,0,23.3,314.5
66,4,3,2,0,26.1,358.0
66,5,3,2,0,32.8,377.1
66,6,3,2,0,31.7,385.1
66,7,3,2,0,31.1,340.4
66,8,3,2,0,26.4,310.4
66,9,3,2,0,20.0,306.8
66,10,3,2,0,15.6,241.8
66,11,3,2,0,15.3,240.5
66,12,3,2,0,11.4,238.6
67,1,2,1,0,12.7,167.7
67,2,2,1,0,17.3,166.1
67,3,2,1,0,23.3,202.1
67,4,2,1,0,28.0,240.5
67,5,2,1,0,31.2,239.9
67,6,2,1,0,30.6,248.4
67,7,2,1,0,27.8,208.5
67,8,2,1,0,24.6,218.8
67,9,2,1,0,23.6,198.2
67,10,2,1,0,17.6,173.4
67,11,2,1,0,14.7,162.8
67,12,2,1,0,13.1,151.2
68,1,4,2,0,13.9,281.9
68,2,4,2,0,15.2,276.7
68,3,4,2,0,21.9,327.3
68,4,4,2,0,27.3,428.6
68,5,4,2,0,29.0,409.5
68,6,4,2,0,30.5,407.7
68,7,4,2,0,32.8,359.7
68,8,4,2,0,29.1,370.4
68,9,4,2,0,21.5,338.8
68,10,4,2,0,15.7,256.9
68,11,4,2,0,13.9,265.0
68,12,4,2,0,11.1,242.1
69,1,1,1,0,12.4,135.5
69,2,1,1,0,16.4,130.8
69,3,1,1,0,19.9,175.9
69,4,1,1,0,24.7,217.9
69,5,1,1,0,30.8,196.1
69,6,1,1,0,31.5,205.2
69,7,1,1,0,31.1,202.0
69,8,1,1,0,24.2,181.7
69,9,1,1,0,21.8,186.5
69,10,1,1,0,17.3,130.8
69,11,1,1,0,12.9,126.7
69,12,1,1,0,13.6,137.1
70,1,5,2,0,14.5,287.6
70,2,5,2,0,16.4,278.3
70,3,5,2,0,22.9,380.0
70,4,5,2,0,25.2,448.6
70,5,5,2,0,28.9,456.8
70,6,5,2,0,33.0,456.1
70,7,5,2,0,30.1,394.3
70,8,5,2,0,28.6,392.1
70,9,5,2,0,21.0,376.1
70,10,5,2,0,18.7,321.8
70,11,5,2,0,13.0,296.6
70,12,5,2,0,13.7,277.7
71,1,2,2,1,14.6,242.9
71,2,2,2,1,17.1,273.9
71,3,2,2,1,21.5,306.7
71,4,2,2,1,29.0,379.5
71,5,2,2,1,32.6,377.5
71,6,2,2,1,32.5,398.8
71,7,2,2,1,29.4,321.8
71,8,2,2,1,28.2,318.8
71,9,2,2,1,21.1,317.3
71,10,2,2,1,19.0,244.7
71,11,2,2,1,13.1,229.2
71,12,2,2,1,11.6,247.5
72,1,5,2,1,13.7,318.1
72,2,5,2,1,16.2,293.4
72,3,5,2,1,25.3,386.2
72,4,5,2,1,26.5,470.4
72,5,5,2,1,30.3,472.8
72,6,5,2,1,32.9,449.1
72,7,5,2,1,28.8,408.8
72,8,5,2,1,26.4,406.0
72,9,5,2,1,22.3,372.6
72,10,5,2,1,18.9,307.8
72,11,5,2,1,12.0,305.3
72,12,5,2,1,12.2,317.3
73,1,4,1,1,12.1,226.3
73,2,4,1,1,16.3,224.4
73,3,4,1,1,22.8,288.6
73,4,4,1,1,26.3,337.0
73,5,4,1,1,30.5,337.2
73,6,4,1,1,31.6,361.7
73,7,4,1,1,31.5,291.9
73,8,4,1,1,28.0,288.7
73,9,4,1,1,23.8,293.7
73,10,4,1,1,16.8,230.3
73,11,4,1,1,11.0,206.8
73,12,4,1,1,10.2,221.4
74,1,1,0,1,14.3,100.5
74,2,1,0,1,14.3,88.0
74,3,1,0,1,20.8,113.3
74,4,1,0,1,26.7,136.1
74,5,1,0,1,27.7,150.7
74,6,1,0,1,30.4,144.6
74,7,1,0,1,33.8,109.7
74,8,1,0,1,23.2,117.3
74,9,1,0,1,23.7,144.3
74,10,1,0,1,15.2,100.5
74,11,1,0,1,12.6,93.2
74,12,1,0,1,16.0,76.5
75,1,3,2,1,13.7,266.1
75,2,3,2,1,18.6,269.5
75,3,3,2,1,22.5,336.0
75,4,3,2,1,27.4,397.5
75,5,3,2,1,31.6,403.9
75,6,3,2,1,32.6,409.5
75,7,3,2,1,32.3,355.9
75,8,3,2,1,24.3,358.8
75,9,3,2,1,20.6,329.9
75,10,3,2,1,16.1,280.8
75,11,3,2,1,10.1,292.4
75,12,3,2,1,13.6,262.9
76,1,3,1,1,15.6,221.8
76,2,3,1,1,16.8,219.2
76,3,3,1,1,20.5,248.3
76,4,3,1,1,25.3,293.6
76,5,3,1,1,31.7,298.5
76,6,3,1,1,35.4,317.3
76,7,3,1,1,32.3,273.2
76,8,3,1,1,28.8,254.1
76,9,3,1,1,24.2,262.5
76,10,3,1,1,18.8,186.8
76,11,3,1,1,13.6,201.6
76,12,3,1,1,11.1,201.6
77,1,1,1,0,10.9,115.1
77,2,1,1,0,16.7,132.8
77,3,1,1,0,22.2,177.1
77,4,1,1,0,27.0,217.9
77,5,1,1,0,30.0,210.3
77,6,1,1,0,34.2,216.4
77,7,1,1,0,30.4,186.3
77,8,1,1,0,26.8,173.9
77,9,1,1,0,20.5,168.2
77,10,1,1,0,18.3,133.1
77,11,1,1,0,13.1,144.9
77,12,1,1,0,11.6,142.9
78,1,5,2,0,13.5,287.3
78,2,5,2,0,14.5,303.2
78,3,5,2,0,20.7,376.4
78,4,5,2,0,27.0,453.5
78,5,5,2,0,33.9,437.1
78,6,5,2,0,31.0,450.2
78,7,5,2,0,29.0,395.0
78,8,5,2,0,28.3,391.2
78,9,5,2,0,22.4,391.5
78,10,5,2,0,15.3,290.7
78,11,5,2,0,12.2,295.7
78,12,5,2,0,9.2,280.0
79,1,2,1,1,12.4,157.9
79,2,2,1,1,18.1,192.1
79,3,2,1,1,23.3,233.9
79,4,2,1,1,25.5,299.4
79,5,2,1,1,31.4,272.8
79,6,2,1,1,31.7,276.9
79,7,2,1,1,32.3,240.8
79,8,2,1,1,28.3,237.2
79,9,2,1,1,21.8,237.9
79,10,2,1,1,17.9,178.8
79,11,2,1,1,12.2,180.4
79,12,2,1,1,12.1,169.5
80,1,4,2,1,12.1,285.2
80,2,4,2,1,17.8,285.2
80,3,4,2,1,21.1,357.3
80,4,4,2,1,27.6,426.0
80,5,4,2,1,34.0,441.0
80,6,4,2,1,28.4,436.5
80,7,4,2,1,30.6,395.7
80,8,4,2,1,27.4,367.4
80,9,4,2,1,21.6,371.9
80,10,4,2,1,13.8,299.1
80,11,4,2,1,12.1,297.4
80,12,4,2,1,12.6,288.7
81,1,1,0,1,13.2,89.3
81,2,1,0,1,17.2,90.4
81,3,1,0,1,25.7,108.8
81,4,1,0,1,28.5,148.0
81,5,1,0,1,31.0,159.5
81,6,1,0,1,32.4,134.1
81,7,1,0,1,31.1,118.6
81,8,1,0,1,27.8,130.5
81,9,1,0,1,20.7,135.1
81,10,1,0,1,16.6,99.8
81,11,1,0,1,14.3,98.9
81,12,1,0,1,11.8,88.6
82,1,1,2,1,13.5,233.7
82,2,1,2,1,16.6,222.4
82,3,1,2,1,23.5,275.9
82,4,1,2,1,23.8,331.3
82,5,1,2,1,32.1,325.5
82,6,1,2,1,33.0,351.2
82,7,1,2,1,27.3,279.6
82,8,1,2,1,26.4,287.3
82,9,1,2,1,20.9,271.1
82,10,1,2,1,19.5,223.4
82,11,1,2,1,12.3,212.7
82,12,1,2,1,12.8,214.6
83,1,4,1,0,12.3,196.2
83,2,4,1,0,17.5,195.6
83,3,4,1,0,22.6,282.3
83,4,4,1,0,27.5,307.8
83,5,4,1,0,28.7,332.2
83,6,4,1,0,30.2,324.6
83,7,4,1,0,31.6,269.7
83,8,4,1,0,26.6,246.5
83,9,4,1,0,22.5,272.7
83,10,4,1,0,15.4,203.9
83,11,4,1,0,13.4,211.2
83,12,4,1,0,12.0,183.6
84,1,5,1,0,14.6,220.3
84,2,5,1,0,20.3,209.5
84,3,5,1,0,21.2,291.9
84,4,5,1,0,26.7,330.6
84,5,5,1,0,31.3,353.5
84,6,5,1,0,32.1,353.6
84,7,5,1,0,30.0,280.6
84,8,5,1,0,25.9,298.6
84,9,5,1,0,22.2,294.3
84,10,5,1,0,17.8,223.3
84,11,5,1,0,13.4,233.6
84,12,5,1,0,11.9,210.6
85,1,4,2,0,15.6,265.3
85,2,4,2,0,17.5,283.6
85,3,4,2,0,22.7,353.4
85,4,4,2,0,28.3,384.4
85,5,4,2,0,29.9,418.0
85,6,4,2,0,34.1,419.8
85,7,4,2,0,29.4,347.7
85,8,4,2,0,28.3,353.2
85,9,4,2,0,22.0,353.1
85,10,4,2,0,12.6,287.2
85,11,4,2,0,12.2,265.5
85,12,4,2,0,9.4,253.0
86,1,1,1,1,15.2,133.2
86,2,1,1,1,18.7,155.7
86,3,1,1,1,22.7,210.1
86,4,1,1,1,27.7,227.8
86,5,1,1,1,30.1,222.6
86,6,1,1,1,32.7,262.6
86,7,1,1,1,27.9,197.2
86,8,1,1,1,26.7,207.5
86,9,1,1,1,23.3,200.8
86,10,1,1,1,16.5,170.5
86,11,1,1,1,14.3,161.9
86,12,1,1,1,12.2,165.5
87,1,5,0,0,14.5,147.0
87,2,5,0,0,17.1,162.7
87,3,5,0,0,19.9,201.6
87,4,5,0,0,26.8,262.2
87,5,5,0,0,29.7,264.3
87,6,5,0,0,32.1,265.5
87,7,5,0,0,29.8,212.2
87,8,5,0,0,27.6,210.6
87,9,5,0,0,23.4,186.3
87,10,5,0,0,20.6,176.8
87,11,5,0,0,13.1,159.9
87,12,5,0,0,10.7,174.2
88,1,5,0,1,12.4,172.9
88,2,5,0,1,18.2,200.6
88,3,5,0,1,24.2,230.0
88,4,5,0,1,28.3,279.6
88,5,5,0,1,29.8,285.6
88,6,5,0,1,31.1,272.2
88,7,5,0,1,28.6,230.2
88,8,5,0,1,27.4,254.6
88,9,5,0,1,21.5,223.3
88,10,5,0,1,19.2,178.4
88,11,5,0,1,10.7,186.1
88,12,5,0,1,11.5,212.1
89,1,1,2,1,12.8,216.9
89,2,1,2,1,20.0,262.8
89,3,1,2,1,22.9,281.7
89,4,1,2,1,27.8,345.4
89,5,1,2,1,30.2,360.1
89,6,1,2,1,32.3,348.0
89,7,1,2,1,31.7,303.0
89,8,1,2,1,28.3,285.1
89,9,1,2,1,21.2,267.9
89,10,1,2,1,17.7,231.1
89,11,1,2,1,14.0,236.0
89,12,1,2,1,12.0,220.7
90,1,3,1,0,14.4,192.7
90,2,3,1,0,16.6,183.4
90,3,3,1,0,19.7,230.0
90,4,3,1,0,28.3,286.1
90,5,3,1,0,31.4,282.2
90,6,3,1,0,32.0,274.2
90,7,3,1,0,31.7,248.9
90,8,3,1,0,27.7,234.4
90,9,3,1,0,18.8,246.7
90,10,3,1,0,16.3,173.7
90,11,3,1,0,14.4,177.8
90,12,3,1,0,13.6,189.3
91,1,3,1,1,12.8,200.9
91,2,3,1,1,14.3,205.4
91,3,3,1,1,20.5,241.6
91,4,3,1,1,24.7,316.6
91,5,3,1,1,29.7,325.7
91,6,3,1,1,31.2,288.0
91,7,3,1,1,29.0,279.5
91,8,3,1,1,26.8,256.3
91,9,3,1,1,22.2,265.3
91,10,3,1,1,18.7,221.3
91,11,3,1,1,12.8,183.3
91,12,3,1,1,11.4,201.2
92,1,5,1,1,13.9,244.6
92,2,5,1,1,17.2,236.5
92,3,5,1,1,22.1,321.2
92,4,5,1,1,27.5,357.6
92,5,5,1,1,30.8,358.3
92,6,5,1,1,32.3,368.4
92,7,5,1,1,33.2,327.0
92,8,5,1,1,28.2,346.9
92,9,5,1,1,20.8,320.8
92,10,5,1,1,15.2,250.3
92,11,5,1,1,16.0,239.3
92,12,5,1,1,10.7,241.4
93,1,2,1,1,12.0,193.5
93,2,2,1,1,14.5,203.8
93,3,2,1,1,23.3,252.5
93,4,2,1,1,24.5,271.4
93,5,2,1,1,30.5,262.0
93,6,2,1,1,30.1,279.9
93,7,2,1,1,31.6,253.6
93,8,2,1,1,26.2,232.0
93,9,2,1,1,19.9,247.2
93,10,2,1,1,17.1,188.9
93,11,2,1,1,14.5,195.6
93,12,2,1,1,10.8,183.5
94,1,1,1,0,12.0,133.9
94,2,1,1,0,17.5,142.3
94,3,1,1,0,19.6,171.4
94,4,1,1,0,29.5,206.7
94,5,1,1,0,30.7,212.5
94,6,1,1,0,34.4,232.0
94,7,1,1,0,31.9,174.8
94,8,1,1,0,27.5,189.8
94,9,1,1,0,21.0,167.3
94,10,1,1,0,19.6,138.0
94,11,1,1,0,15.8,150.6
94,12,1,1,0,12.6,141.5
95,1,3,2,0,12.6,256.6
95,2,3,2,0,14.5,244.8
95,3,3,2,0,21.4,333.6
95,4,3,2,0,27.9,368.4
95,5,3,2,0,31.9,377.2
95,6,3,2,0,33.5,381.5
95,7,3,2,0,32.2,338.6
95,8,3,2,0,31.9,332.1
95,9,3,2,0,22.6,312.1
95,10,3,2,0,17.0,215.3
95,11,3,2,0,14.0,259.1
95,12,3,2,0,12.6,224.9
96,1,5,2,1,12.6,321.0
96,2,5,2,1,15.1,317.4
96,3,5,2,1,21.6,393.4
96,4,5,2,1,28.2,474.4
96,5,5,2,1,31.5,487.3
96,6,5,2,1,31.5,468.3
96,7,5,2,1,29.0,398.8
96,8,5,2,1,31.4,427.5
96,9,5,2,1,20.0,378.3
96,10,5,2,1,17.7,318.4
96,11,5,2,1,14.2,303.1
96,12,5,2,1,11.8,306.3
97,1,2,0,1,13.0,106.8
97,2,2,0,1,17.3,152.8
97,3,2,0,1,22.6,145.7
97,4,2,0,1,28.4,181.3
97,5,2,0,1,31.3,182.8
97,6,2,0,1,35.1,161.9
97,7,2,0,1,31.4,138.4
97,8,2,0,1,27.8,138.5
97,9,2,0,1,21.4,146.0
97,10,2,0,1,18.5,128.0
97,11,2,0,1,11.5,117.7
97,12,2,0,1,10.9,101.9
98,1,4,2,0,17.0,275.4
98,2,4,2,0,14.9,260.1
98,3,4,2,0,23.5,373.2
98,4,4,2,0,24.6,381.3
98,5,4,2,0,33.5,422.7
98,6,4,2,0,30.7,420.0
98,7,4,2,0,26.7,353.3
98,8,4,2,0,27.5,365.6
98,9,4,2,0,20.5,344.3
98,10,4,2,0,15.6,271.0
98,11,4,2,0,12.0,257.3
98,12,4,2,0,10.5,267.6
99,1,5,1,1,13.4,227.3
99,2,5,1,1,16.6,246.6
99,3,5,1,1,25.9,306.4
99,4,5,1,1,29.2,386.3
99,5,5,1,1,31.1,397.0
99,6,5,1,1,32.6,381.7
99,7,5,1,1,30.6,338.1
99,8,5,1,1,28.6,314.4
99,9,5,1,1,20.0,312.6
99,10,5,1,1,15.8,245.9
99,11,5,1,1,15.2,240.7
99,12,5,1,1,11.9,244.2
100,1,4,2,1,12.4,283.4
100,2,4,2,1,18.8,285.2
100,3,4,2,1,19.2,371.6
100,4,4,2,1,26.0,418.9
100,5,4,2,1,29.7,436.8
100,6,4,2,1,31.1,414.8
100,7,4,2,1,32.0,400.0
100,8,4,2,1,28.0,364.6
100,9,4,2,1,21.7,368.1
100,10,4,2,1,17.9,297.7
100,11,4,2,1,12.2,281.6
100,12,4,2,1,12.7,298.8
101,1,5,0,0,15.0,175.8
101,2,5,0,0,15.8,184.6
101,3,5,0,0,20.2,228.4
101,4,5,0,0,25.4,245.5
101,5,5,0,0,31.6,232.2
101,6,5,0,0,34.2,245.5
101,7,5,0,0,30.9,226.7
101,8,5,0,0,25.8,225.5
101,9,5,0,0,24.5,204.9
101,10,5,0,0,19.1,145.4
101,11,5,0,0,13.9,151.8
101,12,5,0,0,13.4,176.8
102,1,1,1,1,15.1,151.0
102,2,1,1,1,18.7,166.1
102,3,1,1,1,23.4,189.5
102,4,1,1,1,27.1,237.1
102,5,1,1,1,28.5,252.1
102,6,1,1,1,30.8,233.3
102,7,1,1,1,29.1,215.7
102,8,1,1,1,24.7,211.2
102,9,1,1,1,23.6,209.3
102,10,1,1,1,18.1,167.6
102,11,1,1,1,11.9,170.7
102,12,1,1,1,11.3,152.3
103,1,5,0,1,14.0,197.8
103,2,5,0,1,17.6,190.1
103,3,5,0,1,20.0,231.9
103,4,5,0,1,29.6,278.0
103,5,5,0,1,33.5,268.1
103,6,5,0,1,32.4,272.2
103,7,5,0,1,31.5,246.5
103,8,5,0,1,27.9,248.3
103,9,5,0,1,22.0,233.5
103,10,5,0,1,14.4,192.2
103,11,5,0,1,13.6,183.7
103,12,5,0,1,11.7,184.1
104,1,4,0,0,15.3,151.6
104,2,4,0,0,18.6,168.2
104,3,4,0,0,23.5,188.0
104,4,4,0,0,29.5,237.1
104,5,4,0,0,33.3,210.1
104,6,4,0,0,30.0,209.4
104,7,4,0,0,31.7,185.9
104,8,4,0,0,26.7,190.7
104,9,4,0,0,19.8,185.7
104,10,4,0,0,18.7,150.6
104,11,4,0,0,14.4,163.2
104,12,4,0,0,11.9,136.2
105,1,2,2,1,14.2,236.8
105,2,2,2,1,17.0,227.9
105,3,2,2,1,23.7,326.8
105,4,2,2,1,25.0,374.5
105,5,2,2,1,31.3,361.8
105,6,2,2,1,30.2,376.8
105,7,2,2,1,30.1,345.9
105,8,2,2,1,28.4,327.2
105,9,2,2,1,22.8,328.4
105,10,2,2,1,18.3,251.2
105,11,2,2,1,11.9,271.7
105,12,2,2,1,10.3,228.8
106,1,5,0,0,13.6,175.7
106,2,5,0,0,14.4,179.9
106,3,5,0,0,20.8,211.0
106,4,5,0,0,28.4,252.9
106,5,5,0,0,31.2,259.3
106,6,5,0,0,32.6,245.7
106,7,5,0,0,30.4,215.3
106,8,5,0,0,25.7,224.7
106,9,5,0,0,22.4,213.6
106,10,5,0,0,18.8,165.1
106,11,5,0,0,13.1,160.7
106,12,5,0,0,12.5,170.2
107,1,5,2,1,12.7,320.3
107,2,5,2,1,16.9,295.2
107,3,5,2,1,21.8,387.9
107,4,5,2,1,27.5,469.5
107,5,5,2,1,31.5,461.0
107,6,5,2,1,31.3,488.5
107,7,5,2,1,28.6,396.0
107,8,5,2,1,27.3,409.4
107,9,5,2,1,21.3,392.9
107,10,5,2,1,17.8,322.2
107,11,5,2,1,11.7,306.6
107,12,5,2,1,14.3,304.9
108,1,3,1,1,13.8,199.6
108,2,3,1,1,19.3,195.5
108,3,3,1,1,20.7,241.5
108,4,3,1,1,26.2,291.3
108,5,3,1,1,31.0,308.5
108,6,3,1,1,30.4,314.9
108,7,3,1,1,32.9,272.1
108,8,3,1,1,23.2,283.9
108,9,3,1,1,23.1,283.5
108,10,3,1,1,18.6,219.4
108,11,3,1,1,13.6,196.8
108,12,3,1,1,12.6,190.5
109,1,3,0,1,13.4,155.6
109,2,3,0,1,17.1,160.2
109,3,3,0,1,21.6,190.3
109,4,3,0,1,25.7,220.8
109,5,3,0,1,31.0,206.6
109,6,3,0,1,28.1,206.2
109,7,3,0,1,31.0,188.2
109,8,3,0,1,29.3,202.7
109,9,3,0,1,23.9,171.5
109,10,3,0,1,16.5,148.4
109,11,3,0,1,14.1,159.0
109,12,3,0,1,15.7,166.7
110,1,4,0,1,12.5,163.6
110,2,4,0,1,15.0,154.7
110,3,4,0,1,22.6,187.0
110,4,4,0,1,26.0,231.9
110,5,4,0,1,30.9,249.9
110,6,4,0,1,33.1,255.0
110,7,4,0,1,32.7,214.3
110,8,4,0,1,29.8,208.4
110,9,4,0,1,21.7,214.3
110,10,4,0,1,16.7,184.2
110,11,4,0,1,15.0,171.0
110,12,4,0,1,12.2,157.1
111,1,3,2,1,14.1,308.2
111,2,3,2,1,13.9,281.4
111,3,3,2,1,21.6,342.7
111,4,3,2,1,26.9,395.7
111,5,3,2,1,29.8,409.4
111,6,3,2,1,29.7,414.3
111,7,3,2,1,30.0,339.2
111,8,3,2,1,26.3,362.0
111,9,3,2,1,21.2,343.0
111,10,3,2,1,15.9,273.0
111,11,3,2,1,14.4,283.7
111,12,3,2,1,11.7,265.3
112,1,2,1,0,13.5,174.8
112,2,2,1,0,15.9,170.2
112,3,2,1,0,21.7,206.3
112,4,2,1,0,27.1,247.5
112,5,2,1,0,30.5,249.7
112,6,2,1,0,34.4,262.1
112,7,2,1,0,32.0,209.9
112,8,2,1,0,25.7,221.7
112,9,2,1,0,23.3,226.1
112,10,2,1,0,16.1,158.6
112,11,2,1,0,10.9,152.5
112,12,2,1,0,13.5,153.7
113,1,4,1,1,13.8,208.8
113,2,4,1,1,17.1,189.3
113,3,4,1,1,21.7,268.1
113,4,4,1,1,28.8,349.6
113,5,4,1,1,31.4,360.6
113,6,4,1,1,30.6,362.7
113,7,4,1,1,32.1,293.1
113,8,4,1,1,28.7,279.9
113,9,4,1,1,20.8,279.6
113,10,4,1,1,16.2,211.8
113,11,4,1,1,15.2,220.5
113,12,4,1,1,12.5,214.7
114,1,1,1,1,14.5,172.1
114,2,1,1,1,14.3,171.9
114,3,1,1,1,21.4,199.5
114,4,1,1,1,25.6,238.8
114,5,1,1,1,30.8,253.5
114,6,1,1,1,30.9,260.6
114,7,1,1,1,31.7,210.4
114,8,1,1,1,26.7,201.7
114,9,1,1,1,21.6,203.3
114,10,1,1,1,16.7,149.7
114,11,1,1,1,13.6,144.8
114,12,1,1,1,12.5,151.3
115,1,2,0,1,14.8,120.8
115,2,2,0,1,17.7,113.1
115,3,2,0,1,23.0,159.0
115,4,2,0,1,24.6,180.0
115,5,2,0,1,32.7,171.2
115,6,2,0,1,31.1,170.5
115,7,2,0,1,28.4,151.0
115,8,2,0,1,27.0,151.9
115,9,2,0,1,22.6,139.9
115,10,2,0,1,17.4,122.3
115,11,2,0,1,12.6,122.0
115,12,2,0,1,12.1,109.4
116,1,5,0,1,14.4,181.6
116,2,5,0,1,15.1,187.7
116,3,5,0,1,22.3,222.8
116,4,5,0,1,28.1,285.1
116,5,5,0,1,29.4,268.8
116,6,5,0,1,31.8,267.6
116,7,5,0,1,31.6,237.5
116,8,5,0,1,25.4,225.9
116,9,5,0,1,23.8,254.2
116,10,5,0,1,17.8,182.0
116,11,5,0,1,12.7,191.1
116,12,5,0,1,12.1,165.2
117,1,3,2,1,13.0,251.8
117,2,3,2,1,13.7,274.2
117,3,3,2,1,22.6,346.0
117,4,3,2,1,24.7,413.8
117,5,3,2,1,30.0,402.2
117,6,3,2,1,30.4,384.9
117,7,3,2,1,32.4,372.0
117,8,3,2,1,26.8,339.4
117,9,3,2,1,21.4,334.8
117,10,3,2,1,15.2,259.3
117,11,3,2,1,13.6,272.4
117,12,3,2,1,12.0,238.8
118,1,3,2,1,13.9,257.6
118,2,3,2,1,19.1,286.1
118,3,3,2,1,24.2,336.7
118,4,3,2,1,30.0,409.9
118,5,3,2,1,33.1,404.7
118,6,3,2,1,31.6,411.5
118,7,3,2,1,30.9,369.2
118,8,3,2,1,26.7,361.4
118,9,3,2,1,23.1,339.1
118,10,3,2,1,18.0,261.6
118,11,3,2,1,16.9,233.5
118,12,3,2,1,13.0,238.1
119,1,3,2,0,13.2,246.7
119,2,3,2,0,15.7,261.0
119,3,3,2,0,23.6,326.5
119,4,3,2,0,26.8,380.6
119,5,3,2,0,29.6,388.4
119,6,3,2,0,34.5,398.8
119,7,3,2,0,29.6,333.4
119,8,3,2,0,25.1,328.7
119,9,3,2,0,22.7,295.6
119,10,3,2,0,15.3,241.5
119,11,3,2,0,12.9,226.6
119,12,3,2,0,12.6,243.7
120,1,1,1,0,14.9,157.8
120,2,1,1,0,16.3,131.7
120,3,1,1,0,22.7,174.9
120,4,1,1,0,26.8,219.3
120,5,1,1,0,27.8,227.1
120,6,1,1,0,32.1,209.7
120,7,1,1,0,30.5,185.0
120,8,1,1,0,24.4,198.5
120,9,1,1,0,22.1,184.0
120,10,1,1,0,18.4,128.5
120,11,1,1,0,14.0,134.0
120,12,1,1,0,13.3,111.1
121,1,4,0,1,12.5,169.9
121,2,4,0,1,18.0,155.4
121,3,4,0,1,19.0,199.7
121,4,4,0,1,28.0,233.7
121,5,4,0,1,30.6,235.1
121,6,4,0,1,29.1,234.9
121,7,4,0,1,31.7,178.6
121,8,4,0,1,27.4,192.8
121,9,4,0,1,22.9,215.6
121,10,4,0,1,16.7,160.0
121,11,4,0,1,12.1,145.9
121,12,4,0,1,14.5,151.6
122,1,5,1,0,15.7,218.2
122,2,5,1,0,17.8,216.6
122,3,5,1,0,22.8,290.3
122,4,5,1,0,26.5,352.5
122,5,5,1,0,30.0,330.8
122,6,5,1,0,33.1,336.8
122,7,5,1,0,31.4,312.8
122,8,5,1,0,26.4,311.3
122,9,5,1,0,22.7,285.8
122,10,5,1,0,19.1,217.6
122,11,5,1,0,12.8,223.7
122,12,5,1,0,12.9,239.7
123,1,1,0,1,12.9,72.6
123,2,1,0,1,15.0,115.7
123,3,1,0,1,19.2,111.3
123,4,1,0,1,28.7,144.3
123,5,1,0,1,32.1,148.3
123,6,1,0,1,34.2,145.3
123,7,1,0,1,31.7,112.1
123,8,1,0,1,27.9,116.0
123,9,1,0,1,21.3,131.5
123,10,1,0,1,18.4,114.8
123,11,1,0,1,15.8,105.5
123,12,1,0,1,9.4,116.4
124,1,4,0,0,14.4,143.3
124,2,4,0,0,18.7,128.8
124,3,4,0,0,20.1,193.2
124,4,4,0,0,25.3,223.3
124,5,4,0,0,31.2,207.7
124,6,4,0,0,32.6,201.2
124,7,4,0,0,29.2,181.2
124,8,4,0,0,27.1,180.4
124,9,4,0,0,22.6,188.7
124,10,4,0,0,19.3,142.9
124,11,4,0,0,15.1,155.0
124,12,4,0,0,15.4,142.5
125,1,1,1,0,13.9,152.5
125,2,1,1,0,18.1,115.2
125,3,1,1,0,22.6,182.8
125,4,1,1,0,27.2,209.2
125,5,1,1,0,28.3,222.1
125,6,1,1,0,32.6,228.3
125,7,1,1,0,28.4,189.8
125,8,1,1,0,26.6,184.0
125,9,1,1,0,21.7,184.9
125,10,1,1,0,16.8,126.8
125,11,1,1,0,13.5,134.2
125,12,1,1,0,11.9,97.2
126,1,5,0,1,11.3,195.6
126,2,5,0,1,18.0,180.6
126,3,5,0,1,20.3,237.9
126,4,5,0,1,27.2,287.8
126,5,5,0,1,30.0,291.1
126,6,5,0,1,31.2,260.6
126,7,5,0,1,29.0,235.0
126,8,5,0,1,26.9,239.7
126,9,5,0,1,21.9,247.5
126,10,5,0,1,16.6,160.5
126,11,5,0,1,13.2,160.4
126,12,5,0,1,12.4,197.2
127,1,3,0,1,13.7,127.2
127,2,3,0,1,18.7,152.2
127,3,3,0,1,22.8,182.6
127,4,3,0,1,29.6,209.2
127,5,3,0,1,28.9,214.6
127,6,3,0,1,35.1,197.1
127,7,3,0,1,30.1,183.2
127,8,3,0,1,26.9,166.5
127,9,3,0,1,23.7,206.1
127,10,3,0,1,17.3,128.7
127,11,3,0,1,11.0,142.6
127,12,3,0,1,13.7,145.2
128,1,2,2,0,15.7,203.8
128,2,2,2,0,15.6,228.0
128,3,2,2,0,22.1,293.2
128,4,2,2,0,26.0,352.5
128,5,2,2,0,30.7,354.5
128,6,2,2,0,32.5,351.1
128,7,2,2,0,31.6,305.8
128,8,2,2,0,25.2,306.4
128,9,2,2,0,23.2,264.9
128,10,2,2,0,16.0,236.1
128,11,2,2,0,10.6,226.3
128,12,2,2,0,11.8,232.9
129,1,1,1,0,10.2,126.0
129,2,1,1,0,15.6,135.6
129,3,1,1,0,21.7,189.9
129,4,1,1,0,29.4,199.1
129,5,1,1,0,33.6,206.6
129,6,1,1,0,32.3,220.9
129,7,1,1,0,34.3,182.0
129,8,1,1,0,24.3,198.3
129,9,1,1,0,20.7,173.3
129,10,1,1,0,15.3,134.0
129,11,1,1,0,12.1,143.8
129,12,1,1,0,12.1,127.5
130,1,2,0,0,12.8,92.8
130,2,2,0,0,17.4,76.7
130,3,2,0,0,23.3,146.8
130,4,2,0,0,26.6,145.0
130,5,2,0,0,30.9,160.7
130,6,2,0,0,31.5,159.7
130,7,2,0,0,31.4,154.8
130,8,2,0,0,26.5,102.8
130,9,2,0,0,19.9,126.6
130,10,2,0,0,18.5,91.2
130,11,2,0,0,13.0,107.2
130,12,2,0,0,10.6,91.7
131,1,5,0,0,15.7,147.5
131,2,5,0,0,16.8,183.4
131,3,5,0,0,22.6,206.9
131,4,5,0,0,24.7,263.6
131,5,5,0,0,31.2,232.1
131,6,5,0,0,33.8,230.5
131,7,5,0,0,30.3,209.6
131,8,5,0,0,29.4,209.6
131,9,5,0,0,21.6,196.4
131,10,5,0,0,16.0,156.7
131,11,5,0,0,12.2,166.6
131,12,5,0,0,8.3,148.4
132,1,5,2,0,13.2,288.0
132,2,5,2,0,16.6,291.7
132,3,5,2,0,21.4,373.2
132,4,5,2,0,27.7,447.6
132,5,5,2,0,29.6,456.6
132,6,5,2,0,32.2,464.6
132,7,5,2,0,32.8,374.4
132,8,5,2,0,25.7,390.2
132,9,5,2,0,19.5,387.5
132,10,5,2,0,16.5,298.8
132,11,5,2,0,13.2,269.9
132,12,5,2,0,13.6,320.2
133,1,3,0,1,13.6,123.5
133,2,3,0,1,16.4,141.1
133,3,3,0,1,21.3,175.6
133,4,3,0,1,26.9,208.3
133,5,3,0,1,30.7,196.5
133,6,3,0,1,30.9,193.8
133,7,3,0,1,32.1,153.0
133,8,3,0,1,28.7,194.9
133,9,3,0,1,21.5,147.0
133,10,3,0,1,16.5,138.7
133,11,3,0,1,11.8,133.3
133,12,3,0,1,14.3,147.5
134,1,5,0,0,13.5,160.2
134,2,5,0,0,17.6,150.3
134,3,5,0,0,21.5,203.7
134,4,5,0,0,26.5,267.1
134,5,5,0,0,32.9,265.0
134,6,5,0,0,31.3,260.6
134,7,5,0,0,30.8,213.3
134,8,5,0,0,26.9,233.9
134,9,5,0,0,24.0,221.7
134,10,5,0,0,16.7,167.0
134,11,5,0,0,14.1,160.2
134,12,5,0,0,13.4,155.4
135,1,1,2,1,12.5,238.5
135,2,1,2,1,18.6,241.6
135,3,1,2,1,21.0,282.1
135,4,1,2,1,28.9,344.1
135,5,1,2,1,31.4,360.1
135,6,1,2,1,30.4,336.7
135,7,1,2,1,28.0,279.0
135,8,1,2,1,28.6,282.0
135,9,1,2,1,23.1,304.1
135,10,1,2,1,16.7,226.5
135,11,1,2,1,14.5,202.0
135,12,1,2,1,11.1,199.2
136,1,4,1,0,12.5,212.1
136,2,4,1,0,16.1,206.0
136,3,4,1,0,20.4,278.3
136,4,4,1,0,26.2,329.5
136,5,4,1,0,30.8,298.0
136,6,4,1,0,31.7,302.9
136,7,4,1,0,31.5,269.3
136,8,4,1,0,27.2,264.6
136,9,4,1,0,21.2,252.5
136,10,4,1,0,18.3,206.0
136,11,4,1,0,12.9,201.4
136,12,4,1,0,11.0,198.5
137,1,3,2,1,12.0,274.2
137,2,3,2,1,16.5,258.2
137,3,3,2,1,20.0,346.9
137,4,3,2,1,25.4,398.2
137,5,3,2,1,28.1,412.5
137,6,3,2,1,33.8,417.6
137,7,3,2,1,28.4,360.2
137,8,3,2,1,25.8,331.9
137,9,3,2,1,21.4,334.2
137,10,3,2,1,16.2,279.8
137,11,3,2,1,16.4,248.2
137,12,3,2,1,11.0,257.8
138,1,1,2,0,13.4,181.5
138,2,1,2,0,16.0,190.0
138,3,1,2,0,23.9,257.7
138,4,1,2,0,28.6,316.3
138,5,1,2,0,34.1,300.1
138,6,1,2,0,33.9,331.2
138,7,1,2,0,29.2,283.1
138,8,1,2,0,27.5,265.5
138,9,1,2,0,20.8,248.8
138,10,1,2,0,20.1,207.6
138,11,1,2,0,14.5,189.2
138,12,1,2,0,10.8,205.8
139,1,4,2,1,11.0,261.9
139,2,4,2,1,16.3,276.3
139,3,4,2,1,21.9,374.3
139,4,4,2,1,29.1,447.8
139,5,4,2,1,29.2,433.7
139,6,4,2,1,31.0,428.9
139,7,4,2,1,28.8,399.5
139,8,4,2,1,27.0,374.0
139,9,4,2,1,22.7,376.3
139,10,4,2,1,18.7,282.0
139,11,4,2,1,13.9,272.4
139,12,4,2,1,11.7,280.4
140,1,1,0,1,14.5,87.3
140,2,1,0,1,17.3,85.4
140,3,1,0,1,26.4,109.8
140,4,1,0,1,25.9,152.3
140,5,1,0,1,30.0,152.3
140,6,1,0,1,32.2,136.9
140,7,1,0,1,29.5,111.3
140,8,1,0,1,26.4,118.7
140,9,1,0,1,20.8,119.4
140,10,1,0,1,15.4,103.6
140,11,1,0,1,14.8,86.0
140,12,1,0,1,10.9,96.6
141,1,4,2,1,13.0,303.5
141,2,4,2,1,16.5,300.0
141,3,4,2,1,22.5,365.5
141,4,4,2,1,25.0,434.0
141,5,4,2,1,30.8,462.5
141,6,4,2,1,30.7,468.2
141,7,4,2,1,31.2,388.0
141,8,4,2,1,26.1,379.1
141,9,4,2,1,22.7,381.1
141,10,4,2,1,15.5,302.7
141,11,4,2,1,13.9,290.5
141,12,4,2,1,11.7,268.5
142,1,2,2,0,14.7,217.0
142,2,2,2,0,18.1,214.6
142,3,2,2,0,23.4,294.6
142,4,2,2,0,26.9,341.6
142,5,2,2,0,28.7,344.3
142,6,2,2,0,31.8,332.7
142,7,2,2,0,29.7,298.9
142,8,2,2,0,26.1,265.8
142,9,2,2,0,23.6,289.1
142,10,2,2,0,13.6,245.4
142,11,2,2,0,15.2,218.1
142,12,2,2,0,10.7,220.0
143,1,2,2,1,10.3,234.2
143,2,2,2,1,18.2,243.6
143,3,2,2,1,21.3,308.2
143,4,2,2,1,26.4,350.1
143,5,2,2,1,29.6,377.6
143,6,2,2,1,32.5,378.0
143,7,2,2,1,29.2,320.5
143,8,2,2,1,23.7,316.1
143,9,2,2,1,24.1,296.9
143,10,2,2,1,16.1,245.7
143,11,2,2,1,15.2,235.0
143,12,2,2,1,11.0,209.9
144,1,5,1,1,14.4,259.0
144,2,5,1,1,17.1,241.6
144,3,5,1,1,23.0,295.1
144,4,5,1,1,28.4,365.2
144,5,5,1,1,30.3,386.2
144,6,5,1,1,31.4,383.9
144,7,5,1,1,32.4,326.2
144,8,5,1,1,27.5,319.5
144,9,5,1,1,22.2,303.3
144,10,5,1,1,16.6,231.8
144,11,5,1,1,12.0,219.6
144,12,5,1,1,12.4,264.2
145,1,1,2,0,15.0,185.2
145,2,1,2,0,15.5,212.2
145,3,1,2,0,21.9,243.7
145,4,1,2,0,26.0,310.0
145,5,1,2,0,29.5,277.1
145,6,1,2,0,31.5,310.8
145,7,1,2,0,30.7,288.4
145,8,1,2,0,27.1,270.5
145,9,1,2,0,23.6,262.1
145,10,1,2,0,20.2,192.7
145,11,1,2,0,11.9,202.0
145,12,1,2,0,13.9,195.3
146,1,1,0,0,12.1,77.7
146,2,1,0,0,15.1,55.0
146,3,1,0,0,21.4,96.3
146,4,1,0,0,26.4,100.5
146,5,1,0,0,30.1,118.0
146,6,1,0,0,31.9,116.9
146,7,1,0,0,29.7,111.8
146,8,1,0,0,25.2,103.6
146,9,1,0,0,23.8,103.5
146,10,1,0,0,16.7,70.2
146,11,1,0,0,14.9,59.4
146,12,1,0,0,10.5,71.7
147,1,2,1,1,11.9,172.3
147,2,2,1,1,16.1,170.8
147,3,2,1,1,23.5,215.1
147,4,2,1,1,29.4,283.2
147,5,2,1,1,32.3,270.0
147,6,2,1,1,31.8,258.0
147,7,2,1,1,29.9,242.6
147,8,2,1,1,28.9,222.6
147,9,2,1,1,21.5,228.1
147,10,2,1,1,14.9,185.5
147,11,2,1,1,12.3,174.0
147,12,2,1,1,11.3,166.1
148,1,1,0,1,11.2,87.5
148,2,1,0,1,16.2,107.3
148,3,1,0,1,22.3,109.3
148,4,1,0,1,29.5,149.3
148,5,1,0,1,30.2,123.1
148,6,1,0,1,31.4,139.1
148,7,1,0,1,31.2,128.0
148,8,1,0,1,28.2,101.4
148,9,1,0,1,22.3,118.8
148,10,1,0,1,21.0,95.3
148,11,1,0,1,12.4,95.8
148,12,1,0,1,12.0,70.6
149,1,4,0,1,13.3,151.5
149,2,4,0,1,15.4,172.5
149,3,4,0,1,23.7,212.0
149,4,4,0,1,24.3,248.8
149,5,4,0,1,28.0,235.1
149,6,4,0,1,33.3,250.9
149,7,4,0,1,31.3,222.8
149,8,4,0,1,27.8,182.8
149,9,4,0,1,21.4,206.5
149,10,4,0,1,16.8,154.6
149,11,4,0,1,11.8,190.8
149,12,4,0,1,11.4,190.2
150,1,1,1,1,12.4,142.7
150,2,1,1,1,16.8,177.4
150,3,1,1,1,20.7,169.5
150,4,1,1,1,27.1,249.1
150,5,1,1,1,29.1,249.5
150,6,1,1,1,30.4,238.6
150,7,1,1,1,31.8,195.2
150,8,1,1,1,27.3,220.4
150,9,1,1,1,22.7,193.5
150,10,1,1,1,19.3,167.3
150,11,1,1,1,10.5,162.8
150,12,1,1,1,11.1,155.3
151,1,4,1,0,13.9,217.6
151,2,4,1,0,15.5,198.9
151,3,4,1,0,25.2,284.1
151,4,4,1,0,27.7,307.8
151,5,4,1,0,30.3,306.4
151,6,4,1,0,30.3,325.5
151,7,4,1,0,31.5,281.3
151,8,4,1,0,26.5,271.5
151,9,4,1,0,21.4,255.6
151,10,4,1,0,19.5,210.6
151,11,4,1,0,14.1,214.8
151,12,4,1,0,12.2,206.1
152,1,2,1,1,12.4,180.8
152,2,2,1,1,17.5,157.8
152,3,2,1,1,25.0,248.3
152,4,2,1,1,26.4,257.6
152,5,2,1,1,31.2,275.7
152,6,2,1,1,32.5,278.1
152,7,2,1,1,31.4,255.3
152,8,2,1,1,27.9,222.4
152,9,2,1,1,24.0,251.7
152,10,2,1,1,21.7,170.4
152,11,2,1,1,13.7,152.5
152,12,2,1,1,12.8,170.2
153,1,4,0,0,15.1,144.3
153,2,4,0,0,18.1,151.4
153,3,4,0,0,21.6,194.3
153,4,4,0,0,28.5,204.6
153,5,4,0,0,30.9,217.7
153,6,4,0,0,33.3,210.7
153,7,4,0,0,29.8,186.0
153,8,4,0,0,28.8,169.6
153,9,4,0,0,20.5,177.8
153,10,4,0,0,16.5,122.8
153,11,4,0,0,15.6,142.4
153,12,4,0,0,11.6,163.5
154,1,4,1,0,15.7,206.4
154,2,4,1,0,17.2,199.2
154,3,4,1,0,23.8,263.7
154,4,4,1,0,26.2,292.3
154,5,4,1,0,30.6,308.1
154,6,4,1,0,34.5,340.0
154,7,4,1,0,28.8,256.8
154,8,4,1,0,26.6,258.7
154,9,4,1,0,22.3,261.2
154,10,4,1,0,17.4,219.6
154,11,4,1,0,11.7,214.8
154,12,4,1,0,10.9,228.0
155,1,3,1,1,11.9,184.7
155,2,3,1,1,18.3,203.3
155,3,3,1,1,23.4,286.7
155,4,3,1,1,25.8,289.4
155,5,3,1,1,30.9,322.0
155,6,3,1,1,30.6,308.4
155,7,3,1,1,32.7,248.1
155,8,3,1,1,27.4,256.9
155,9,3,1,1,22.2,267.8
155,10,3,1,1,17.3,190.7
155,11,3,1,1,12.6,216.2
155,12,3,1,1,12.5,209.1
156,1,2,0,0,14.7,93.4
156,2,2,0,0,20.1,95.6
156,3,2,0,0,19.6,117.2
156,4,2,0,0,25.4,153.1
156,5,2,0,0,28.8,142.0
156,6,2,0,0,32.5,150.2
156,7,2,0,0,30.6,128.0
156,8,2,0,0,26.4,107.3
156,9,2,0,0,21.4,132.1
156,10,2,0,0,16.8,103.7
156,11,2,0,0,12.5,110.9
156,12,2,0,0,8.2,100.7
157,1,4,1,1,13.0,206.0
157,2,4,1,1,19.0,226.1
157,3,4,1,1,21.8,276.9
157,4,4,1,1,25.1,344.1
157,5,4,1,1,31.7,345.0
157,6,4,1,1,30.9,329.2
157,7,4,1,1,28.5,286.3
157,8,4,1,1,25.5,270.1
157,9,4,1,1,23.0,272.8
157,10,4,1,1,18.5,231.0
157,11,4,1,1,13.8,242.5
157,12,4,1,1,10.1,230.0
158,1,4,0,1,15.8,157.5
158,2,4,0,1,16.6,139.3
158,3,4,0,1,21.3,194.5
158,4,4,0,1,26.1,241.4
158,5,4,0,1,32.1,245.5
158,6,4,0,1,32.5,229.9
158,7,4,0,1,29.3,228.6
158,8,4,0,1,25.9,226.9
158,9,4,0,1,21.6,207.0
158,10,4,0,1,18.6,177.3
158,11,4,0,1,13.2,157.3
158,12,4,0,1,11.9,166.1
159,1,2,2,1,14.3,258.5
159,2,2,2,1,17.6,247.9
159,3,2,2,1,19.7,276.0
159,4,2,2,1,27.6,367.0
159,5,2,2,1,29.9,374.7
159,6,2,2,1,31.9,388.6
159,7,2,2,1,30.8,316.3
159,8,2,2,1,28.5,319.0
159,9,2,2,1,22.8,306.7
159,10,2,2,1,16.0,242.7
159,11,2,2,1,13.4,243.1
159,12,2,2,1,11.6,212.5
160,1,5,2,0,12.9,283.2
160,2,5,2,0,18.5,286.5
160,3,5,2,0,19.7,368.8
160,4,5,2,0,26.3,428.7
160,5,5,2,0,30.4,452.8
160,6,5,2,0,32.0,453.1
160,7,5,2,0,33.4,388.5
160,8,5,2,0,27.4,377.0
160,9,5,2,0,20.7,365.4
160,10,5,2,0,16.3,295.9
160,11,5,2,0,16.9,283.9
160,12,5,2,0,11.4,282.9
161,1,4,1,0,13.9,207.8
161,2,4,1,0,18.9,179.5
161,3,4,1,0,18.4,256.0
161,4,4,1,0,28.6,294.4
161,5,4,1,0,26.1,318.0
161,6,4,1,0,32.4,303.1
161,7,4,1,0,29.2,259.0
161,8,4,1,0,27.2,261.5
161,9,4,1,0,22.7,231.2
161,10,4,1,0,15.7,192.6
161,11,4,1,0,13.0,197.4
161,12,4,1,0,13.2,181.7
162,1,1,0,1,13.6,99.7
162,2,1,0,1,19.9,109.4
162,3,1,0,1,22.0,115.6
162,4,1,0,1,28.6,151.7
162,5,1,0,1,31.3,137.8
162,6,1,0,1,31.9,140.0
162,7,1,0,1,30.2,113.5
162,8,1,0,1,27.4,113.0
162,9,1,0,1,22.3,95.6
162,10,1,0,1,16.1,107.7
162,11,1,0,1,12.0,101.6
162,12,1,0,1,10.8,103.8
163,1,3,2,0,13.4,225.9
163,2,3,2,0,18.5,265.7
163,3,3,2,0,21.5,322.4
163,4,3,2,0,28.2,374.7
163,5,3,2,0,29.0,396.3
163,6,3,2,0,31.4,373.7
163,7,3,2,0,33.1,342.1
163,8,3,2,0,27.4,313.9
163,9,3,2,0,23.2,353.6
163,10,3,2,0,18.3,255.8
163,11,3,2,0,14.4,239.6
163,12,3,2,0,11.5,234.7
164,1,4,0,0,13.1,137.7
164,2,4,0,0,15.0,131.0
164,3,4,0,0,19.0,182.8
164,4,4,0,0,26.1,204.4
164,5,4,0,0,30.6,220.4
164,6,4,0,0,35.1,197.9
164,7,4,0,0,32.4,195.7
164,8,4,0,0,25.8,186.4
164,9,4,0,0,21.3,186.2
164,10,4,0,0,19.3,151.3
164,11,4,0,0,14.1,138.8
164,12,4,0,0,9.8,141.5
165,1,2,2,0,12.5,204.5
165,2,2,2,0,18.2,253.4
165,3,2,2,0,21.4,279.1
165,4,2,2,0,25.9,330.3
165,5,2,2,0,33.1,341.4
165,6,2,2,0,31.1,331.9
165,7,2,2,0,31.1,302.0
165,8,2,2,0,25.3,282.8
165,9,2,2,0,24.3,292.3
165,10,2,2,0,17.2,226.7
165,11,2,2,0,15.4,210.1
165,12,2,2,0,11.4,214.2
166,1,1,1,0,10.8,123.6
166,2,1,1,0,18.6,150.0
166,3,1,1,0,23.4,172.7
166,4,1,1,0,26.3,188.6
166,5,1,1,0,32.1,227.8
166,6,1,1,0,33.6,235.1
166,7,1,1,0,31.3,204.7
166,8,1,1,0,26.7,161.2
166,9,1,1,0,23.3,158.0
166,10,1,1,0,17.3,151.3
166,11,1,1,0,13.8,164.4
166,12,1,1,0,9.1,132.2
167,1,1,2,1,11.6,201.9
167,2,1,2,1,15.4,216.8
167,3,1,2,1,21.1,284.8
167,4,1,2,1,28.0,342.0
167,5,1,2,1,30.0,341.7
167,6,1,2,1,33.6,349.3
167,7,1,2,1,33.4,312.6
167,8,1,2,1,29.6,264.7
167,9,1,2,1,22.1,278.8
167,10,1,2,1,16.8,210.7
167,11,1,2,1,13.9,194.1
167,12,1,2,1,12.6,204.4
168,1,2,2,0,13.5,232.2
168,2,2,2,0,15.5,221.9
168,3,2,2,0,23.3,294.7
168,4,2,2,0,27.6,354.5
168,5,2,2,0,30.1,337.7
168,6,2,2,0,32.9,347.8
168,7,2,2,0,32.3,309.2
168,8,2,2,0,26.1,298.8
168,9,2,2,0,20.6,297.4
168,10,2,2,0,14.9,236.5
168,11,2,2,0,13.8,218.1
168,12,2,2,0,13.1,225.2
169,1,2,2,0,14.5,225.5
169,2,2,2,0,21.4,245.2
169,3,2,2,0,23.3,281.0
169,4,2,2,0,27.8,359.4
169,5,2,2,0,30.4,344.3
169,6,2,2,0,32.2,340.6
169,7,2,2,0,31.1,305.6
169,8,2,2,0,29.2,297.5
169,9,2,2,0,23.0,287.9
169,10,2,2,0,18.0,223.7
169,11,2,2,0,14.2,229.5
169,12,2,2,0,10.4,227.9
170,1,2,0,0,12.9,100.3
170,2,2,0,0,18.5,102.2
170,3,2,0,0,21.8,138.1
170,4,2,0,0,25.8,147.6
170,5,2,0,0,32.2,154.9
170,6,2,0,0,31.3,130.3
170,7,2,0,0,31.1,107.6
170,8,2,0,0,26.7,140.6
170,9,2,0,0,22.9,102.2
170,10,2,0,0,17.3,95.2
170,11,2,0,0,11.4,103.0
170,12,2,0,0,11.3,93.2
171,1,1,0,0,13.5,69.4
171,2,1,0,0,16.2,88.4
171,3,1,0,0,23.6,77.2
171,4,1,0,0,28.1,131.5
171,5,1,0,0,33.0,121.0
171,6,1,0,0,30.4,122.3
171,7,1,0,0,29.4,93.6
171,8,1,0,0,27.6,88.1
171,9,1,0,0,20.3,103.3
171,10,1,0,0,19.8,91.4
171,11,1,0,0,14.4,88.3
171,12,1,0,0,13.0,81.9
172,1,4,0,0,12.6,143.2
172,2,4,0,0,18.0,152.3
172,3,4,0,0,22.8,168.6
172,4,4,0,0,27.0,208.4
172,5,4,0,0,31.7,206.8
172,6,4,0,0,32.7,212.6
172,7,4,0,0,27.8,195.2
172,8,4,0,0,27.0,199.3
172,9,4,0,0,19.5,180.5
172,10,4,0,0,16.7,147.2
172,11,4,0,0,11.4,150.5
172,12,4,0,0,14.9,149.7
173,1,4,0,0,12.5,132.8
173,2,4,0,0,16.7,133.0
173,3,4,0,0,21.4,188.1
173,4,4,0,0,27.5,205.2
173,5,4,0,0,29.9,228.9
173,6,4,0,0,32.7,240.9
173,7,4,0,0,32.4,197.7
173,8,4,0,0,24.9,193.2
173,9,4,0,0,21.9,177.4
173,10,4,0,0,17.3,155.3
173,11,4,0,0,14.1,133.5
173,12,4,0,0,13.1,136.3
174,1,3,0,1,13.0,148.7
174,2,3,0,1,15.4,162.8
174,3,3,0,1,19.3,171.1
174,4,3,0,1,27.6,216.3
174,5,3,0,1,30.5,208.6
174,6,3,0,1,32.6,206.5
174,7,3,0,1,32.8,188.3
174,8,3,0,1,28.3,166.7
174,9,3,0,1,21.9,174.6
174,10,3,0,1,15.5,143.8
174,11,3,0,1,12.5,147.4
174,12,3,0,1,10.4,160.1
175,1,2,1,0,13.0,164.1
175,2,2,1,0,16.0,151.2
175,3,2,1,0,22.3,208.5
175,4,2,1,0,27.0,254.7
175,5,2,1,0,30.1,250.6
175,6,2,1,0,31.2,237.6
175,7,2,1,0,30.2,208.0
175,8,2,1,0,26.3,224.8
175,9,2,1,0,21.6,199.1
175,10,2,1,0,17.0,163.4
175,11,2,1,0,11.6,154.2
175,12,2,1,0,11.5,155.6
176,1,1,2,1,13.3,224.2
176,2,1,2,1,16.7,234.6
176,3,1,2,1,23.5,295.9
176,4,1,2,1,26.3,319.4
176,5,1,2,1,29.7,340.2
176,6,1,2,1,32.8,316.7
176,7,1,2,1,30.6,298.2
176,8,1,2,1,26.6,305.3
176,9,1,2,1,22.6,299.2
176,10,1,2,1,16.7,231.4
176,11,1,2,1,15.8,234.5
176,12,1,2,1,10.4,207.0
177,1,4,1,1,12.8,201.0
177,2,4,1,1,15.5,218.0
177,3,4,1,1,23.3,292.4
177,4,4,1,1,28.4,354.9
177,5,4,1,1,31.2,343.9
177,6,4,1,1,30.5,365.5
177,7,4,1,1,28.5,294.5
177,8,4,1,1,28.2,303.0
177,9,4,1,1,20.3,281.4
177,10,4,1,1,15.8,200.4
177,11,4,1,1,13.5,213.7
177,12,4,1,1,14.3,230.3
178,1,4,0,1,13.5,158.9
178,2,4,0,1,17.1,184.8
178,3,4,0,1,20.4,205.0
178,4,4,0,1,28.1,238.2
178,5,4,0,1,33.0,251.1
178,6,4,0,1,30.9,245.4
178,7,4,0,1,29.6,197.4
178,8,4,0,1,26.8,222.2
178,9,4,0,1,23.1,206.7
178,10,4,0,1,18.2,165.2
178,11,4,0,1,11.6,160.3
178,12,4,0,1,11.9,171.1
179,1,2,0,0,13.3,91.3
179,2,2,0,0,16.5,98.0
179,3,2,0,0,21.4,138.1
179,4,2,0,0,29.1,158.9
179,5,2,0,0,28.0,140.8
179,6,2,0,0,31.7,126.3
179,7,2,0,0,29.3,124.2
179,8,2,0,0,26.3,126.6
179,9,2,0,0,19.9,121.0
179,10,2,0,0,17.2,99.1
179,11,2,0,0,14.0,103.7
179,12,2,0,0,11.4,100.4
180,1,2,0,0,11.4,84.0
180,2,2,0,0,16.6,102.3
180,3,2,0,0,22.7,120.4
180,4,2,0,0,26.3,150.0
180,5,2,0,0,28.4,160.0
180,6,2,0,0,33.9,141.0
180,7,2,0,0,30.1,141.4
180,8,2,0,0,26.8,133.6
180,9,2,0,0,21.9,145.2
180,10,2,0,0,17.7,105.6
180,11,2,0,0,14.2,92.3
180,12,2,0,0,11.3,108.2
181,1,3,0,0,13.5,107.4
181,2,3,0,0,19.8,133.2
181,3,3,0,0,22.1,152.0
181,4,3,0,0,27.3,188.5
181,5,3,0,0,27.6,207.6
181,6,3,0,0,30.8,182.2
181,7,3,0,0,30.7,179.2
181,8,3,0,0,26.9,174.3
181,9,3,0,0,22.6,143.7
181,10,3,0,0,17.2,120.1
181,11,3,0,0,11.7,125.8
181,12,3,0,0,12.0,128.2
182,1,5,1,1,14.5,238.1
182,2,5,1,1,12.4,245.4
182,3,5,1,1,21.2,320.5
182,4,5,1,1,30.0,399.3
182,5,5,1,1,30.4,365.4
182,6,5,1,1,32.9,372.9
182,7,5,1,1,31.2,316.1
182,8,5,1,1,27.4,311.2
182,9,5,1,1,23.8,310.9
182,10,5,1,1,18.0,233.2
182,11,5,1,1,14.5,234.0
182,12,5,1,1,12.4,256.2
183,1,4,2,1,14.1,273.4
183,2,4,2,1,16.4,290.4
183,3,4,2,1,24.0,372.3
183,4,4,2,1,27.0,443.6
183,5,4,2,1,30.7,448.3
183,6,4,2,1,33.6,441.4
183,7,4,2,1,25.7,364.9
183,8,4,2,1,28.8,379.2
183,9,4,2,1,21.5,381.9
183,10,4,2,1,16.8,262.8
183,11,4,2,1,11.1,283.8
183,12,4,2,1,11.9,297.5
184,1,4,0,0,12.0,137.8
184,2,4,0,0,14.2,139.4
184,3,4,0,0,21.9,182.4
184,4,4,0,0,30.2,238.0
184,5,4,0,0,29.5,191.5
184,6,4,0,0,31.9,220.5
184,7,4,0,0,29.4,174.3
184,8,4,0,0,29.4,180.9
184,9,4,0,0,23.0,172.8
184,10,4,0,0,16.9,140.0
184,11,4,0,0,12.3,157.9
184,12,4,0,0,9.9,147.6
185,1,2,2,0,12.8,223.5
185,2,2,2,0,16.5,234.8
185,3,2,2,0,20.6,299.8
185,4,2,2,0,27.0,324.2
185,5,2,2,0,31.7,345.3
185,6,2,2,0,29.4,348.1
185,7,2,2,0,32.2,319.9
185,8,2,2,0,26.4,297.0
185,9,2,2,0,22.1,306.2
185,10,2,2,0,15.8,217.7
185,11,2,2,0,12.1,200.0
185,12,2,2,0,12.4,237.0
186,1,2,1,1,15.4,190.5
186,2,2,1,1,13.9,205.9
186,3,2,1,1,22.5,225.0
186,4,2,1,1,27.8,260.2
186,5,2,1,1,31.5,265.4
186,6,2,1,1,35.0,278.5
186,7,2,1,1,31.6,228.6
186,8,2,1,1,28.2,235.2
186,9,2,1,1,19.9,225.8
186,10,2,1,1,19.9,192.7
186,11,2,1,1,12.8,154.3
186,12,2,1,1,10.8,158.2
187,1,2,1,1,11.5,178.5
187,2,2,1,1,16.1,167.2
187,3,2,1,1,20.0,233.9
187,4,2,1,1,26.0,282.1
187,5,2,1,1,32.2,292.0
187,6,2,1,1,30.7,280.0
187,7,2,1,1,31.6,232.3
187,8,2,1,1,25.8,252.7
187,9,2,1,1,22.3,238.3
187,10,2,1,1,15.8,164.5
187,11,2,1,1,12.5,175.0
187,12,2,1,1,10.4,174.7
188,1,4,2,1,12.9,275.5
188,2,4,2,1,21.0,304.6
188,3,4,2,1,20.2,345.1
188,4,4,2,1,26.3,447.9
188,5,4,2,1,30.7,414.0
188,6,4,2,1,31.7,442.2
188,7,4,2,1,27.0,377.0
188,8,4,2,1,25.5,352.2
188,9,4,2,1,24.4,359.9
188,10,4,2,1,16.0,278.4
188,11,4,2,1,13.3,303.5
188,12,4,2,1,10.2,273.6
189,1,5,1,0,13.5,216.4
189,2,5,1,0,16.5,236.3
189,3,5,1,0,20.9,288.6
189,4,5,1,0,26.4,343.8
189,5,5,1,0,31.0,355.9
189,6,5,1,0,34.9,320.0
189,7,5,1,0,30.4,284.0
189,8,5,1,0,26.4,307.7
189,9,5,1,0,23.8,310.0
189,10,5,1,0,18.9,229.0
189,11,5,1,0,15.4,247.5
189,12,5,1,0,12.2,239.9
190,1,5,2,1,13.1,297.1
190,2,5,2,1,15.3,305.9
190,3,5,2,1,22.1,386.3
190,4,5,2,1,26.6,461.5
190,5,5,2,1,29.0,484.2
190,6,5,2,1,33.8,491.7
190,7,5,2,1,30.5,410.8
190,8,5,2,1,25.4,407.9
190,9,5,2,1,22.3,432.0
190,10,5,2,1,18.6,317.1
190,11,5,2,1,13.3,316.8
190,12,5,2,1,10.6,314.2
191,1,1,0,1,16.1,106.1
191,2,1,0,1,17.1,90.5
191,3,1,0,1,26.5,128.3
191,4,1,0,1,26.0,139.1
191,5,1,0,1,29.3,112.9
191,6,1,0,1,32.5,163.1
191,7,1,0,1,28.2,121.4
191,8,1,0,1,25.9,127.0
191,9,1,0,1,21.7,104.4
191,10,1,0,1,15.5,84.5
191,11,1,0,1,15.4,110.0
191,12,1,0,1,11.5,109.2
192,1,5,2,1,14.0,299.5
192,2,5,2,1,14.1,282.5
192,3,5,2,1,20.5,387.1
192,4,5,2,1,30.3,482.0
192,5,5,2,1,31.8,468.6
192,6,5,2,1,32.1,504.3
192,7,5,2,1,28.8,413.9
192,8,5,2,1,29.4,420.9
192,9,5,2,1,24.7,404.3
192,10,5,2,1,17.9,313.5
192,11,5,2,1,14.1,295.1
192,12,5,2,1,13.2,308.1
193,1,3,1,1,14.1,180.0
193,2,3,1,1,16.7,192.6
193,3,3,1,1,23.2,272.9
193,4,3,1,1,23.9,302.3
193,5,3,1,1,32.3,307.1
193,6,3,1,1,33.1,314.2
193,7,3,1,1,31.2,263.2
193,8,3,1,1,25.2,248.2
193,9,3,1,1,23.1,260.2
193,10,3,1,1,16.8,197.3
193,11,3,1,1,12.9,211.9
193,12,3,1,1,11.5,182.1
194,1,4,0,1,12.4,172.1
194,2,4,0,1,18.4,140.9
194,3,4,0,1,22.4,200.9
194,4,4,0,1,29.0,236.8
194,5,4,0,1,28.7,242.6
194,6,4,0,1,30.7,253.2
194,7,4,0,1,29.4,206.8
194,8,4,0,1,29.3,220.2
194,9,4,0,1,22.7,205.5
194,10,4,0,1,17.6,170.3
194,11,4,0,1,11.9,172.2
194,12,4,0,1,10.3,168.9
195,1,5,1,1,11.7,266.9
195,2,5,1,1,18.1,229.8
195,3,5,1,1,22.0,310.3
195,4,5,1,1,26.0,373.6
195,5,5,1,1,29.3,383.6
195,6,5,1,1,33.1,381.7
195,7,5,1,1,30.6,331.4
195,8,5,1,1,28.2,327.0
195,9,5,1,1,20.0,305.6
195,10,5,1,1,16.6,229.6
195,11,5,1,1,13.7,261.9
195,12,5,1,1,13.9,254.0
196,1,1,1,1,14.5,172.4
196,2,1,1,1,15.3,135.5
196,3,1,1,1,21.9,180.5
196,4,1,1,1,26.5,241.0
196,5,1,1,1,30.2,238.5
196,6,1,1,1,30.5,249.9
196,7,1,1,1,29.1,182.0
196,8,1,1,1,26.7,216.3
196,9,1,1,1,22.1,187.7
196,10,1,1,1,17.2,163.0
196,11,1,1,1,13.5,151.6
196,12,1,1,1,12.7,133.3
197,1,5,2,0,15.4,298.6
197,2,5,2,0,17.3,275.7
197,3,5,2,0,23.1,392.9
197,4,5,2,0,27.9,442.4
197,5,5,2,0,31.6,452.1
197,6,5,2,0,33.4,462.5
197,7,5,2,0,30.3,379.8
197,8,5,2,0,26.4,387.9
197,9,5,2,0,21.5,364.6
197,10,5,2,0,17.0,306.0
197,11,5,2,0,13.5,283.9
197,12,5,2,0,12.5,286.5
198,1,1,0,0,14.0,76.7
198,2,1,0,0,18.6,91.1
198,3,1,0,0,23.2,87.5
198,4,1,0,0,25.8,128.2
198,5,1,0,0,27.8,113.0
198,6,1,0,0,32.7,93.7
198,7,1,0,0,31.0,109.2
198,8,1,0,0,24.8,117.6
198,9,1,0,0,20.5,104.6
198,10,1,0,0,16.9,77.3
198,11,1,0,0,11.4,91.6
198,12,1,0,0,12.5,96.0
199,1,1,1,0,13.7,137.6
199,2,1,1,0,18.0,138.1
199,3,1,1,0,25.2,181.6
199,4,1,1,0,22.7,208.1
199,5,1,1,0,32.6,204.0
199,6,1,1,0,30.5,203.3
199,7,1,1,0,29.0,178.5
199,8,1,1,0,28.4,202.0
199,9,1,1,0,18.4,171.1
199,10,1,1,0,17.5,142.4
199,11,1,1,0,16.2,114.8
199,12,1,1,0,8.1,157.2
200,1,2,2,1,13.6,240.7
200,2,2,2,1,16.1,243.5
200,3,2,2,1,22.5,336.2
200,4,2,2,1,28.4,390.4
200,5,2,2,1,28.6,365.7
200,6,2,2,1,32.4,352.7
200,7,2,2,1,32.4,335.6
200,8,2,2,1,26.4,316.1
200,9,2,2,1,23.9,304.7
200,10,2,2,1,18.9,243.3
200,11,2,2,1,14.5,240.2
200,12,2,2,1,15.3,229.9
201,1,5,0,1,11.7,193.1
201,2,5,0,1,19.4,194.4
201,3,5,0,1,22.0,225.0
201,4,5,0,1,28.3,265.4
201,5,5,0,1,28.6,273.0
201,6,5,0,1,28.9,260.2
201,7,5,0,1,33.5,216.9
201,8,5,0,1,25.2,236.6
201,9,5,0,1,22.2,232.9
201,10,5,0,1,14.0,194.7
201,11,5,0,1,12.7,199.1
201,12,5,0,1,11.0,196.3
202,1,4,2,1,15.3,279.9
202,2,4,2,1,18.3,274.4
202,3,4,2,1,22.4,384.0
202,4,4,2,1,27.8,464.8
202,5,4,2,1,31.5,437.6
202,6,4,2,1,36.3,469.1
202,7,4,2,1,28.3,369.3
202,8,4,2,1,25.4,382.0
202,9,4,2,1,22.9,376.8
202,10,4,2,1,14.6,276.6
202,11,4,2,1,13.1,260.1
202,12,4,2,1,10.7,294.4
203,1,5,1,0,15.0,224.5
203,2,5,1,0,16.0,238.8
203,3,5,1,0,20.8,283.8
203,4,5,1,0,27.0,320.0
203,5,5,1,0,28.5,343.0
203,6,5,1,0,32.7,340.6
203,7,5,1,0,30.4,280.9
203,8,5,1,0,28.4,301.4
203,9,5,1,0,22.5,299.8
203,10,5,1,0,17.1,223.9
203,11,5,1,0,15.0,229.9
203,12,5,1,0,11.8,225.3
204,1,3,0,1,14.0,128.3
204,2,3,0,1,15.7,146.2
204,3,3,0,1,21.8,189.9
204,4,3,0,1,27.6,202.6
204,5,3,0,1,31.5,223.6
204,6,3,0,1,32.7,217.2
204,7,3,0,1,30.4,190.2
204,8,3,0,1,26.1,182.3
204,9,3,0,1,25.9,184.7
204,10,3,0,1,16.4,134.4
204,11,3,0,1,13.2,149.7
204,12,3,0,1,12.2,131.7
205,1,4,1,0,13.4,209.7
205,2,4,1,0,18.4,240.9
205,3,4,1,0,19.8,271.3
205,4,4,1,0,27.1,289.8
205,5,4,1,0,32.5,321.3
205,6,4,1,0,33.2,296.4
205,7,4,1,0,30.3,258.6
205,8,4,1,0,30.2,285.2
205,9,4,1,0,21.0,245.6
205,10,4,1,0,17.3,220.4
205,11,4,1,0,10.7,190.9
205,12,4,1,0,10.3,212.2
206,1,4,2,1,12.8,277.5
206,2,4,2,1,17.3,278.1
206,3,4,2,1,19.8,381.7
206,4,4,2,1,29.2,440.4
206,5,4,2,1,31.0,456.3
206,6,4,2,1,32.2,438.0
206,7,4,2,1,30.7,399.4
206,8,4,2,1,27.1,368.8
206,9,4,2,1,22.2,376.9
206,10,4,2,1,17.8,296.1
206,11,4,2,1,12.1,289.6
206,12,4,2,1,12.0,271.7
207,1,4,0,1,14.6,162.3
207,2,4,0,1,19.0,143.8
207,3,4,0,1,20.0,180.9
207,4,4,0,1,26.0,244.9
207,5,4,0,1,30.8,244.8
207,6,4,0,1,29.9,252.6
207,7,4,0,1,31.0,215.8
207,8,4,0,1,24.2,210.7
207,9,4,0,1,20.2,202.2
207,10,4,0,1,17.8,163.1
207,11,4,0,1,12.1,162.1
207,12,4,0,1,9.7,175.8
208,1,3,0,1,13.2,123.5
208,2,3,0,1,18.7,140.9
208,3,3,0,1,25.2,175.5
208,4,3,0,1,22.3,226.7
208,5,3,0,1,31.4,217.1
208,6,3,0,1,30.5,208.7
208,7,3,0,1,30.9,175.4
208,8,3,0,1,24.4,211.5
208,9,3,0,1,23.3,183.3
208,10,3,0,1,19.0,147.2
208,11,3,0,1,12.3,154.5
208,12,3,0,1,13.3,131.8
209,1,1,1,1,13.7,162.1
209,2,1,1,1,19.1,151.5
209,3,1,1,1,22.5,226.2
209,4,1,1,1,26.7,239.7
209,5,1,1,1,33.7,250.6
209,6,1,1,1,29.8,230.3
209,7,1,1,1,31.7,214.4
209,8,1,1,1,27.2,231.7
209,9,1,1,1,21.1,200.0
209,10,1,1,1,14.1,169.2
209,11,1,1,1,12.1,166.4
209,12,1,1,1,13.4,182.9
210,1,4,2,1,12.5,285.7
210,2,4,2,1,17.6,285.7
210,3,4,2,1,18.1,346.9
210,4,4,2,1,27.9,410.6
210,5,4,2,1,32.4,455.8
210,6,4,2,1,32.1,450.0
210,7,4,2,1,31.5,382.4
210,8,4,2,1,24.9,385.0
210,9,4,2,1,24.1,357.6
210,10,4,2,1,14.9,283.2
210,11,4,2,1,12.4,282.6
210,12,4,2,1,13.8,256.2
211,1,3,0,1,14.1,146.9
211,2,3,0,1,18.1,140.2
211,3,3,0,1,22.4,181.7
211,4,3,0,1,26.1,188.2
211,5,3,0,1,28.8,208.0
211,6,3,0,1,30.8,199.8
211,7,3,0,1,33.4,188.6
211,8,3,0,1,26.6,186.3
211,9,3,0,1,21.4,179.6
211,10,3,0,1,17.7,134.5
211,11,3,0,1,12.3,154.2
211,12,3,0,1,12.9,112.4
212,1,5,2,0,12.3,275.9
212,2,5,2,0,16.1,301.6
212,3,5,2,0,22.0,357.8
212,4,5,2,0,26.4,447.0
212,5,5,2,0,30.3,439.0
212,6,5,2,0,32.5,469.7
212,7,5,2,0,31.4,405.0
212,8,5,2,0,26.1,381.0
212,9,5,2,0,22.0,375.8
212,10,5,2,0,17.7,282.7
212,11,5,2,0,14.3,268.9
212,12,5,2,0,10.0,307.1
213,1,4,1,0,15.9,178.4
213,2,4,1,0,18.7,216.2
213,3,4,1,0,24.5,252.6
213,4,4,1,0,29.2,304.7
213,5,4,1,0,32.2,315.6
213,6,4,1,0,33.2,317.4
213,7,4,1,0,27.9,232.1
213,8,4,1,0,27.3,265.9
213,9,4,1,0,22.6,262.3
213,10,4,1,0,20.0,212.3
213,11,4,1,0,12.7,207.7
213,12,4,1,0,11.4,203.7
214,1,2,1,0,12.6,145.1
214,2,2,1,0,20.0,151.5
214,3,2,1,0,22.0,197.7
214,4,2,1,0,27.4,229.4
214,5,2,1,0,31.9,272.7
214,6,2,1,0,30.7,261.9
214,7,2,1,0,30.1,231.9
214,8,2,1,0,30.3,211.2
214,9,2,1,0,19.7,216.9
214,10,2,1,0,17.3,168.4
214,11,2,1,0,12.8,148.2
214,12,2,1,0,13.7,163.3
215,1,2,2,0,11.2,224.1
215,2,2,2,0,17.7,222.5
215,3,2,2,0,24.4,284.7
215,4,2,2,0,26.7,349.0
215,5,2,2,0,30.8,329.6
215,6,2,2,0,32.3,343.7
215,7,2,2,0,31.9,305.9
215,8,2,2,0,27.1,283.8
215,9,2,2,0,21.7,299.3
215,10,2,2,0,15.8,222.9
215,11,2,2,0,11.9,202.9
215,12,2,2,0,11.9,219.1
216,1,2,1,1,14.3,192.1
216,2,2,1,1,20.8,171.1
216,3,2,1,1,22.2,224.8
216,4,2,1,1,28.3,275.6
216,5,2,1,1,29.4,273.4
216,6,2,1,1,33.6,261.0
216,7,2,1,1,29.5,225.0
216,8,2,1,1,27.5,249.6
216,9,2,1,1,19.0,229.1
216,10,2,1,1,15.6,191.1
216,11,2,1,1,13.0,178.5
216,12,2,1,1,12.0,189.6
217,1,3,0,1,11.9,143.4
217,2,3,0,1,15.8,150.7
217,3,3,0,1,23.6,171.7
217,4,3,0,1,25.9,206.0
217,5,3,0,1,30.8,213.0
217,6,3,0,1,28.6,197.6
217,7,3,0,1,30.1,168.7
217,8,3,0,1,22.7,155.6
217,9,3,0,1,20.0,176.9
217,10,3,0,1,16.3,131.9
217,11,3,0,1,14.5,149.1
217,12,3,0,1,12.2,140.9
218,1,4,0,0,10.8,141.0
218,2,4,0,0,18.2,160.3
218,3,4,0,0,21.6,189.9
218,4,4,0,0,22.7,210.8
218,5,4,0,0,30.0,233.9
218,6,4,0,0,32.6,221.9
218,7,4,0,0,31.3,184.5
218,8,4,0,0,29.3,156.3
218,9,4,0,0,22.2,197.6
218,10,4,0,0,14.2,154.1
218,11,4,0,0,12.2,145.3
218,12,4,0,0,10.8,155.5
219,1,3,2,0,14.0,233.4
219,2,3,2,0,17.8,240.9
219,3,3,2,0,22.1,313.4
219,4,3,2,0,28.3,382.6
219,5,3,2,0,30.6,371.5
219,6,3,2,0,30.1,380.5
219,7,3,2,0,29.7,306.8
219,8,3,2,0,25.0,341.3
219,9,3,2,0,21.0,328.4
219,10,3,2,0,16.5,261.7
219,11,3,2,0,15.1,234.7
219,12,3,2,0,9.0,212.1
220,1,2,0,0,12.1,121.7
220,2,2,0,0,16.4,100.7
220,3,2,0,0,24.0,127.8
220,4,2,0,0,27.1,156.0
220,5,2,0,0,31.1,147.3
220,6,2,0,0,30.9,149.4
220,7,2,0,0,32.3,147.9
220,8,2,0,0,27.4,135.6
220,9,2,0,0,22.4,125.5
220,10,2,0,0,17.8,113.3
220,11,2,0,0,12.0,81.6
220,12,2,0,0,11.2,101.5
221,1,2,2,1,9.6,225.3
221,2,2,2,1,16.7,228.8
221,3,2,2,1,20.9,319.8
221,4,2,2,1,27.1,371.5
221,5,2,2,1,30.1,363.2
221,6,2,2,1,31.5,380.3
221,7,2,2,1,28.4,341.3
221,8,2,2,1,27.9,314.1
221,9,2,2,1,23.2,327.8
221,10,2,2,1,16.5,239.8
221,11,2,2,1,15.6,266.4
221,12,2,2,1,12.0,221.4
222,1,1,0,0,13.8,65.4
222,2,1,0,0,18.6,84.8
222,3,1,0,0,25.0,107.1
222,4,1,0,0,25.6,121.1
222,5,1,0,0,32.1,127.2
222,6,1,0,0,30.8,104.0
222,7,1,0,0,29.0,117.0
222,8,1,0,0,27.9,87.9
222,9,1,0,0,22.2,96.3
222,10,1,0,0,15.5,76.9
222,11,1,0,0,13.6,99.7
222,12,1,0,0,11.0,56.0
223,1,5,0,0,12.7,153.9
223,2,5,0,0,18.2,153.1
223,3,5,0,0,22.0,236.8
223,4,5,0,0,27.8,255.2
223,5,5,0,0,33.4,264.7
223,6,5,0,0,32.8,246.0
223,7,5,0,0,30.6,211.9
223,8,5,0,0,26.4,215.3
223,9,5,0,0,22.5,197.8
223,10,5,0,0,19.4,171.4
223,11,5,0,0,12.9,169.2
223,12,5,0,0,13.4,148.9
224,1,4,2,1,17.3,290.4
224,2,4,2,1,15.2,328.6
224,3,4,2,1,21.2,364.9
224,4,4,2,1,26.8,424.2
224,5,4,2,1,31.0,414.6
224,6,4,2,1,33.6,431.8
224,7,4,2,1,30.0,390.6
224,8,4,2,1,26.7,374.2
224,9,4,2,1,20.5,391.4
224,10,4,2,1,17.8,276.5
224,11,4,2,1,13.6,268.9
224,12,4,2,1,14.6,286.7
225,1,2,2,1,11.9,243.4
225,2,2,2,1,16.6,227.1
225,3,2,2,1,22.6,316.3
225,4,2,2,1,28.7,370.7
225,5,2,2,1,30.8,375.2
225,6,2,2,1,34.4,375.3
225,7,2,2,1,31.4,333.6
225,8,2,2,1,27.5,315.9
225,9,2,2,1,22.2,310.4
225,10,2,2,1,19.9,242.4
225,11,2,2,1,12.0,235.1
225,12,2,2,1,11.9,237.4
226,1,1,1,0,13.0,145.0
226,2,1,1,0,14.9,119.7
226,3,1,1,0,22.7,191.2
226,4,1,1,0,24.6,221.7
226,5,1,1,0,30.7,226.7
226,6,1,1,0,31.9,184.2
226,7,1,1,0,30.4,198.1
226,8,1,1,0,25.7,176.9
226,9,1,1,0,21.7,143.6
226,10,1,1,0,19.5,130.8
226,11,1,1,0,14.1,136.2
226,12,1,1,0,13.9,142.0
227,1,5,0,0,12.0,158.2
227,2,5,0,0,17.1,196.6
227,3,5,0,0,22.3,181.9
227,4,5,0,0,26.0,258.0
227,5,5,0,0,29.0,259.7
227,6,5,0,0,32.2,261.6
227,7,5,0,0,29.8,205.1
227,8,5,0,0,27.8,212.7
227,9,5,0,0,21.9,231.6
227,10,5,0,0,17.9,142.6
227,11,5,0,0,14.5,174.9
227,12,5,0,0,13.8,155.2
228,1,2,2,1,11.9,246.4
228,2,2,2,1,16.6,256.5
228,3,2,2,1,20.9,291.9
228,4,2,2,1,26.6,369.4
228,5,2,2,1,29.9,335.0
228,6,2,2,1,32.6,380.7
228,7,2,2,1,31.7,322.1
228,8,2,2,1,26.3,335.4
228,9,2,2,1,19.6,304.5
228,10,2,2,1,17.2,250.8
228,11,2,2,1,13.6,226.7
228,12,2,2,1,13.8,238.0
229,1,1,2,0,14.1,221.5
229,2,1,2,0,17.6,185.9
229,3,1,2,0,19.8,271.1
229,4,1,2,0,25.8,285.9
229,5,1,2,0,32.2,309.0
229,6,1,2,0,33.4,305.7
229,7,1,2,0,32.9,287.3
229,8,1,2,0,25.9,245.8
229,9,1,2,0,25.5,262.5
229,10,1,2,0,15.9,217.5
229,11,1,2,0,14.8,213.3
229,12,1,2,0,11.9,217.0
230,1,5,1,1,11.7,268.7
230,2,5,1,1,17.2,249.4
230,3,5,1,1,20.0,307.7
230,4,5,1,1,25.7,384.5
230,5,5,1,1,31.4,369.3
230,6,5,1,1,32.8,374.2
230,7,5,1,1,31.0,326.6
230,8,5,1,1,27.6,324.7
230,9,5,1,1,22.6,332.2
230,10,5,1,1,18.0,244.3
230,11,5,1,1,13.2,259.3
230,12,5,1,1,12.2,239.2
231,1,4,0,1,12.4,165.3
231,2,4,0,1,15.7,177.4
231,3,4,0,1,20.4,224.7
231,4,4,0,1,26.6,230.1
231,5,4,0,1,30.9,231.6
231,6,4,0,1,32.1,236.1
231,7,4,0,1,32.1,208.6
231,8,4,0,1,25.2,199.8
231,9,4,0,1,23.1,222.4
231,10,4,0,1,16.9,149.5
231,11,4,0,1,14.9,170.4
231,12,4,0,1,14.0,165.5
232,1,1,0,0,13.8,69.6
232,2,1,0,0,17.3,74.2
232,3,1,0,0,23.1,103.7
232,4,1,0,0,25.4,100.9
232,5,1,0,0,30.5,115.1
232,6,1,0,0,33.1,120.9
232,7,1,0,0,32.8,92.1
232,8,1,0,0,26.2,86.2
232,9,1,0,0,23.1,98.0
232,10,1,0,0,14.2,78.9
232,11,1,0,0,13.7,74.8
232,12,1,0,0,12.4,61.9
233,1,3,0,1,12.2,133.1
233,2,3,0,1,19.2,149.1
233,3,3,0,1,24.4,183.9
233,4,3,0,1,25.5,211.9
233,5,3,0,1,32.5,207.7
233,6,3,0,1,31.6,215.1
233,7,3,0,1,29.8,181.8
233,8,3,0,1,27.1,172.4
233,9,3,0,1,23.5,186.0
233,10,3,0,1,16.5,139.3
233,11,3,0,1,12.9,131.8
233,12,3,0,1,9.5,133.7
234,1,2,2,1,13.7,237.5
234,2,2,2,1,18.1,246.1
234,3,2,2,1,21.8,300.4
234,4,2,2,1,27.1,376.2
234,5,2,2,1,28.9,371.4
234,6,2,2,1,32.3,367.1
234,7,2,2,1,29.8,326.4
234,8,2,2,1,25.3,320.7
234,9,2,2,1,20.7,321.8
234,10,2,2,1,20.5,238.5
234,11,2,2,1,14.1,229.9
234,12,2,2,1,13.6,222.5
235,1,1,0,1,13.4,106.5
235,2,1,0,1,19.8,103.1
235,3,1,0,1,22.2,126.3
235,4,1,0,1,26.6,142.2
235,5,1,0,1,30.9,132.3
235,6,1,0,1,32.0,146.2
235,7,1,0,1,31.4,126.0
235,8,1,0,1,25.0,135.5
235,9,1,0,1,23.7,119.6
235,10,1,0,1,17.7,91.9
235,11,1,0,1,14.5,84.7
235,12,1,0,1,14.0,102.9
236,1,5,0,1,11.2,195.1
236,2,5,0,1,14.9,195.3
236,3,5,0,1,20.8,216.7
236,4,5,0,1,27.0,290.9
236,5,5,0,1,29.2,295.9
236,6,5,0,1,33.0,278.6
236,7,5,0,1,30.0,231.4
236,8,5,0,1,27.6,245.9
236,9,5,0,1,21.1,226.1
236,10,5,0,1,16.7,201.2
236,11,5,0,1,11.5,198.2
236,12,5,0,1,12.1,164.7
237,1,3,2,0,16.0,230.2
237,2,3,2,0,12.8,225.2
237,3,3,2,0,23.7,298.1
237,4,3,2,0,29.2,392.1
237,5,3,2,0,30.9,372.7
237,6,3,2,0,32.1,389.4
237,7,3,2,0,31.3,352.8
237,8,3,2,0,26.6,308.7
237,9,3,2,0,19.8,293.3
237,10,3,2,0,17.3,245.4
237,11,3,2,0,13.4,235.5
237,12,3,2,0,10.3,244.4
238,1,1,1,1,10.7,176.0
238,2,1,1,1,16.9,148.5
238,3,1,1,1,22.6,216.1
238,4,1,1,1,27.0,252.9
238,5,1,1,1,32.3,228.9
238,6,1,1,1,31.0,252.3
238,7,1,1,1,26.6,203.5
238,8,1,1,1,24.9,198.2
238,9,1,1,1,21.6,196.9
238,10,1,1,1,16.2,143.8
238,11,1,1,1,16.8,179.8
238,12,1,1,1,10.3,171.2
239,1,4,0,0,13.2,136.1
239,2,4,0,0,18.5,145.5
239,3,4,0,0,21.3,168.3
239,4,4,0,0,25.7,196.3
239,5,4,0,0,30.7,201.6
239,6,4,0,0,31.6,232.4
239,7,4,0,0,32.5,183.6
239,8,4,0,0,26.9,206.6
239,9,4,0,0,22.8,180.1
239,10,4,0,0,14.9,148.7
239,11,4,0,0,14.6,136.4
239,12,4,0,0,12.4,139.6
240,1,4,2,1,15.1,295.7
240,2,4,2,1,19.7,284.3
240,3,4,2,1,24.1,378.6
240,4,4,2,1,25.0,400.4
240,5,4,2,1,29.5,442.1
240,6,4,2,1,32.7,443.0
240,7,4,2,1,30.6,380.9
240,8,4,2,1,28.5,361.9
240,9,4,2,1,22.4,359.5
240,10,4,2,1,15.6,300.1
240,11,4,2,1,11.9,278.3
240,12,4,2,1,14.9,295.0
241,1,1,0,0,11.5,92.1
241,2,1,0,0,18.5,84.7
241,3,1,0,0,23.2,88.5
241,4,1,0,0,24.7,121.5
241,5,1,0,0,32.0,134.0
241,6,1,0,0,31.7,110.6
241,7,1,0,0,30.3,105.8
241,8,1,0,0,26.6,97.1
241,9,1,0,0,23.2,90.2
241,10,1,0,0,19.1,84.1
241,11,1,0,0,10.6,70.3
241,12,1,0,0,9.0,74.1
242,1,5,2,0,12.0,289.4
242,2,5,2,0,17.9,297.2
242,3,5,2,0,23.7,402.0
242,4,5,2,0,27.2,446.6
242,5,5,2,0,29.3,433.0
242,6,5,2,0,33.6,462.7
242,7,5,2,0,29.1,370.1
242,8,5,2,0,26.0,379.2
242,9,5,2,0,21.4,375.4
242,10,5,2,0,18.4,300.4
242,11,5,2,0,14.1,258.7
242,12,5,2,0,9.6,271.3
243,1,2,0,0,12.2,84.6
243,2,2,0,0,15.3,126.1
243,3,2,0,0,20.8,134.8
243,4,2,0,0,24.7,165.5
243,5,2,0,0,31.2,151.8
243,6,2,0,0,32.6,154.8
243,7,2,0,0,31.9,119.3
243,8,2,0,0,26.0,127.1
243,9,2,0,0,23.0,125.7
243,10,2,0,0,18.2,106.4
243,11,2,0,0,13.0,78.0
243,12,2,0,0,11.2,119.9
244,1,3,0,1,13.7,147.6
244,2,3,0,1,16.0,154.3
244,3,3,0,1,22.7,165.1
244,4,3,0,1,28.3,204.3
244,5,3,0,1,30.4,197.1
244,6,3,0,1,32.9,207.5
244,7,3,0,1,31.7,171.6
244,8,3,0,1,26.0,169.3
244,9,3,0,1,22.6,170.1
244,10,3,0,1,16.7,133.3
244,11,3,0,1,14.0,118.7
244,12,3,0,1,12.4,160.3
245,1,2,0,1,15.2,109.6
245,2,2,0,1,17.7,120.6
245,3,2,0,1,24.2,119.4
245,4,2,0,1,28.7,172.3
245,5,2,0,1,29.5,166.2
245,6,2,0,1,30.1,168.1
245,7,2,0,1,29.0,151.7
245,8,2,0,1,27.9,146.4
245,9,2,0,1,24.2,142.9
245,10,2,0,1,16.5,111.3
245,11,2,0,1,14.2,125.4
245,12,2,0,1,12.7,115.5
246,1,4,2,1,11.3,275.3
246,2,4,2,1,19.2,303.9
246,3,4,2,1,22.4,364.8
246,4,4,2,1,27.0,430.1
246,5,4,2,1,32.4,433.4
246,6,4,2,1,33.4,438.6
246,7,4,2,1,32.6,390.8
246,8,4,2,1,25.9,371.2
246,9,4,2,1,23.1,364.4
246,10,4,2,1,17.0,282.1
246,11,4,2,1,16.0,309.7
246,12,4,2,1,14.2,282.2
247,1,5,2,0,13.4,293.4
247,2,5,2,0,16.0,286.8
247,3,5,2,0,23.4,393.1
247,4,5,2,0,27.7,441.0
247,5,5,2,0,30.3,453.3
247,6,5,2,0,32.3,430.2
247,7,5,2,0,31.5,379.4
247,8,5,2,0,24.9,359.0
247,9,5,2,0,21.7,361.7
247,10,5,2,0,13.5,282.8
247,11,5,2,0,12.6,283.9
247,12,5,2,0,11.1,305.1
248,1,3,0,1,13.2,156.5
248,2,3,0,1,18.4,122.7
248,3,3,0,1,20.5,168.9
248,4,3,0,1,26.3,202.1
248,5,3,0,1,30.7,218.1
248,6,3,0,1,33.4,205.3
248,7,3,0,1,28.2,165.8
248,8,3,0,1,26.2,163.3
248,9,3,0,1,23.7,164.1
248,10,3,0,1,17.9,119.3
248,11,3,0,1,14.3,137.8
248,12,3,0,1,14.3,125.9
249,1,1,0,0,12.1,70.7
249,2,1,0,0,17.8,68.5
249,3,1,0,0,22.1,94.0
249,4,1,0,0,27.2,86.2
249,5,1,0,0,27.9,122.1
249,6,1,0,0,33.6,103.8
249,7,1,0,0,30.3,101.3
249,8,1,0,0,28.0,73.4
249,9,1,0,0,20.7,93.8
249,10,1,0,0,18.1,106.5
249,11,1,0,0,13.0,59.6
249,12,1,0,0,12.6,92.4
250,1,5,2,1,15.2,318.3
250,2,5,2,1,19.9,309.5
250,3,5,2,1,24.1,386.8
250,4,5,2,1,26.8,462.6
250,5,5,2,1,31.6,482.7
250,6,5,2,1,30.6,482.2
250,7,5,2,1,30.1,400.6
250,8,5,2,1,27.0,387.7
250,9,5,2,1,23.4,399.0
250,10,5,2,1,16.9,309.6
250,11,5,2,1,15.8,327.0
250,12,5,2,1,14.0,304.9
251,1,4,1,1,11.7,220.6
251,2,4,1,1,17.5,235.2
251,3,4,1,1,22.5,275.9
251,4,4,1,1,26.2,330.7
251,5,4,1,1,31.5,349.2
251,6,4,1,1,33.0,347.3
251,7,4,1,1,27.6,271.6
251,8,4,1,1,26.8,292.9
251,9,4,1,1,23.9,290.3
251,10,4,1,1,15.5,231.9
251,11,4,1,1,13.3,217.3
251,12,4,1,1,9.6,220.2
252,1,5,0,0,12.6,154.2
252,2,5,0,0,17.4,134.4
252,3,5,0,0,19.4,210.6
252,4,5,0,0,27.1,245.3
252,5,5,0,0,28.3,239.9
252,6,5,0,0,32.6,256.7
252,7,5,0,0,30.6,226.6
252,8,5,0,0,27.6,203.8
252,9,5,0,0,21.6,195.9
252,10,5,0,0,16.8,179.8
252,11,5,0,0,14.4,183.3
252,12,5,0,0,11.5,182.7
253,1,2,0,1,13.3,125.5
253,2,2,0,1,19.2,114.7
253,3,2,0,1,22.3,165.0
253,4,2,0,1,26.8,159.6
253,5,2,0,1,33.9,169.9
253,6,2,0,1,32.2,189.4
253,7,2,0,1,29.7,137.4
253,8,2,0,1,27.4,128.0
253,9,2,0,1,21.6,152.4
253,10,2,0,1,16.6,98.5
253,11,2,0,1,15.7,118.2
253,12,2,0,1,14.1,113.9
254,1,3,0,1,14.7,158.5
254,2,3,0,1,14.1,167.8
254,3,3,0,1,20.4,166.7
254,4,3,0,1,25.1,209.3
254,5,3,0,1,28.7,195.4
254,6,3,0,1,31.0,210.9
254,7,3,0,1,31.0,193.1
254,8,3,0,1,28.8,190.5
254,9,3,0,1,21.6,156.2
254,10,3,0,1,14.2,151.7
254,11,3,0,1,14.6,132.1
254,12,3,0,1,9.8,126.9
255,1,5,0,1,11.2,181.8
255,2,5,0,1,13.4,186.8
255,3,5,0,1,22.5,235.3
255,4,5,0,1,26.0,252.2
255,5,5,0,1,31.2,294.2
255,6,5,0,1,31.1,282.0
255,7,5,0,1,28.3,241.2
255,8,5,0,1,26.4,226.6
255,9,5,0,1,20.9,231.0
255,10,5,0,1,17.6,168.8
255,11,5,0,1,12.7,184.0
255,12,5,0,1,10.4,206.1
256,1,3,0,0,10.8,125.1
256,2,3,0,0,14.7,128.3
256,3,3,0,0,20.8,143.9
256,4,3,0,0,27.4,191.8
256,5,3,0,0,31.2,184.7
256,6,3,0,0,32.3,186.8
256,7,3,0,0,31.3,150.5
256,8,3,0,0,28.0,145.7
256,9,3,0,0,23.6,164.6
256,10,3,0,0,20.3,127.7
256,11,3,0,0,14.7,102.8
256,12,3,0,0,13.4,135.6
257,1,1,1,1,13.6,153.8
257,2,1,1,1,17.2,161.5
257,3,1,1,1,21.6,203.4
257,4,1,1,1,24.6,236.7
257,5,1,1,1,31.4,235.2
257,6,1,1,1,31.9,228.1
257,7,1,1,1,28.8,209.6
257,8,1,1,1,25.9,183.4
257,9,1,1,1,20.3,188.7
257,10,1,1,1,18.2,160.7
257,11,1,1,1,12.0,146.6
257,12,1,1,1,14.0,166.4
258,1,2,2,0,13.2,228.7
258,2,2,2,0,16.8,239.0
258,3,2,2,0,20.3,282.4
258,4,2,2,0,28.8,314.4
258,5,2,2,0,30.6,341.2
258,6,2,2,0,33.0,362.7
258,7,2,2,0,31.8,306.7
258,8,2,2,0,27.1,292.2
258,9,2,2,0,22.3,306.2
258,10,2,2,0,15.8,218.4
258,11,2,2,0,13.2,231.2
258,12,2,2,0,12.3,229.5
259,1,5,1,1,11.7,263.3
259,2,5,1,1,19.1,250.1
259,3,5,1,1,19.9,296.2
259,4,5,1,1,27.4,364.5
259,5,5,1,1,28.1,354.5
259,6,5,1,1,31.3,378.4
259,7,5,1,1,32.8,331.0
259,8,5,1,1,26.4,324.7
259,9,5,1,1,22.4,325.8
259,10,5,1,1,16.9,260.0
259,11,5,1,1,14.6,246.7
259,12,5,1,1,11.8,254.5
260,1,1,0,0,11.8,65.4
260,2,1,0,0,15.6,82.7
260,3,1,0,0,21.2,95.6
260,4,1,0,0,28.3,105.6
260,5,1,0,0,30.3,119.1
260,6,1,0,0,29.1,86.1
260,7,1,0,0,31.2,103.7
260,8,1,0,0,30.1,99.6
260,9,1,0,0,23.2,95.4
260,10,1,0,0,17.4,96.5
260,11,1,0,0,10.2,81.5
260,12,1,0,0,15.2,79.9
261,1,2,0,1,13.3,117.4
261,2,2,0,1,13.7,103.0
261,3,2,0,1,20.4,159.4
261,4,2,0,1,28.3,179.4
261,5,2,0,1,31.9,173.5
261,6,2,0,1,33.8,175.6
261,7,2,0,1,30.7,146.3
261,8,2,0,1,28.0,144.4
261,9,2,0,1,23.5,135.9
261,10,2,0,1,15.4,125.2
261,11,2,0,1,13.2,111.6
261,12,2,0,1,13.3,109.7
262,1,3,2,1,15.6,282.4
262,2,3,2,1,16.6,279.8
262,3,3,2,1,20.6,326.8
262,4,3,2,1,23.5,415.4
262,5,3,2,1,29.4,403.2
262,6,3,2,1,30.6,415.1
262,7,3,2,1,30.1,337.2
262,8,3,2,1,27.7,331.8
262,9,3,2,1,20.7,312.7
262,10,3,2,1,14.9,264.4
262,11,3,2,1,10.4,237.4
262,12,3,2,1,12.0,251.2
263,1,2,2,1,12.5,227.4
263,2,2,2,1,17.0,229.7
263,3,2,2,1,20.7,304.0
263,4,2,2,1,27.4,389.8
263,5,2,2,1,29.9,377.4
263,6,2,2,1,29.6,384.0
263,7,2,2,1,28.1,330.5
263,8,2,2,1,26.9,317.6
263,9,2,2,1,21.5,294.9
263,10,2,2,1,15.1,250.2
263,11,2,2,1,13.4,233.7
263,12,2,2,1,12.7,237.5
264,1,4,2,1,15.2,267.7
264,2,4,2,1,17.9,303.9
264,3,4,2,1,22.6,372.4
264,4,4,2,1,27.6,445.7
264,5,4,2,1,31.5,427.4
264,6,4,2,1,34.7,447.7
264,7,4,2,1,31.4,392.3
264,8,4,2,1,28.7,392.1
264,9,4,2,1,22.2,369.8
264,10,4,2,1,17.6,302.4
264,11,4,2,1,11.7,287.4
264,12,4,2,1,10.7,300.3
265,1,3,1,0,10.0,168.4
265,2,3,1,0,16.9,187.1
265,3,3,1,0,24.5,256.7
265,4,3,1,0,24.6,253.3
265,5,3,1,0,30.7,273.0
265,6,3,1,0,30.2,280.9
265,7,3,1,0,31.0,233.2
265,8,3,1,0,26.1,230.2
265,9,3,1,0,21.4,242.1
265,10,3,1,0,15.4,175.6
265,11,3,1,0,12.7,181.1
265,12,3,1,0,12.4,205.4
266,1,1,1,1,13.7,134.8
266,2,1,1,1,16.2,156.8
266,3,1,1,1,24.8,207.6
266,4,1,1,1,25.8,232.9
266,5,1,1,1,32.0,232.6
266,6,1,1,1,33.6,236.6
266,7,1,1,1,29.3,201.5
266,8,1,1,1,24.6,177.6
266,9,1,1,1,21.9,200.7
266,10,1,1,1,17.4,156.9
266,11,1,1,1,16.8,159.5
266,12,1,1,1,9.9,138.5
267,1,2,2,1,14.0,231.2
267,2,2,2,1,13.8,236.9
267,3,2,2,1,22.3,297.8
267,4,2,2,1,25.8,376.8
267,5,2,2,1,30.8,355.2
267,6,2,2,1,32.7,365.1
267,7,2,2,1,29.5,325.6
267,8,2,2,1,27.2,314.6
267,9,2,2,1,21.2,307.0
267,10,2,2,1,15.8,254.4
267,11,2,2,1,11.0,230.7
267,12,2,2,1,9.8,242.9
268,1,2,2,0,15.2,223.7
268,2,2,2,0,16.0,225.1
268,3,2,2,0,23.0,303.3
268,4,2,2,0,25.3,325.2
268,5,2,2,0,31.6,355.2
268,6,2,2,0,30.0,333.1
268,7,2,2,0,30.4,301.9
268,8,2,2,0,27.1,280.0
268,9,2,2,0,22.1,279.7
268,10,2,2,0,15.3,222.3
268,11,2,2,0,13.2,228.7
268,12,2,2,0,10.7,218.0
269,1,3,1,1,14.2,206.5
269,2,3,1,1,18.2,209.8
269,3,3,1,1,21.7,242.1
269,4,3,1,1,28.5,323.2
269,5,3,1,1,29.3,315.7
269,6,3,1,1,30.2,310.1
269,7,3,1,1,31.3,261.4
269,8,3,1,1,27.1,273.4
269,9,3,1,1,21.8,250.9
269,10,3,1,1,15.2,196.4
269,11,3,1,1,11.6,193.7
269,12,3,1,1,11.3,207.7
270,1,4,0,1,10.3,165.8
270,2,4,0,1,16.3,150.5
270,3,4,0,1,22.0,205.7
270,4,4,0,1,28.6,244.1
270,5,4,0,1,29.6,247.0
270,6,4,0,1,31.7,229.5
270,7,4,0,1,30.3,209.8
270,8,4,0,1,27.1,211.0
270,9,4,0,1,21.2,210.8
270,10,4,0,1,17.2,163.5
270,11,4,0,1,13.4,188.1
270,12,4,0,1,13.7,165.5
271,1,4,2,0,12.4,256.8
271,2,4,2,0,18.6,291.9
271,3,4,2,0,21.0,346.9
271,4,4,2,0,26.6,417.5
271,5,4,2,0,30.1,389.5
271,6,4,2,0,33.5,414.5
271,7,4,2,0,30.4,364.3
271,8,4,2,0,27.5,360.0
271,9,4,2,0,19.6,348.5
271,10,4,2,0,14.1,274.9
271,11,4,2,0,15.0,250.6
271,12,4,2,0,12.5,275.7
272,1,4,2,1,12.9,281.4
272,2,4,2,1,19.9,301.1
272,3,4,2,1,24.3,379.6
272,4,4,2,1,25.9,434.4
272,5,4,2,1,31.0,429.9
272,6,4,2,1,31.4,439.3
272,7,4,2,1,33.1,361.4
272,8,4,2,1,28.8,368.4
272,9,4,2,1,19.9,379.6
272,10,4,2,1,18.1,305.0
272,11,4,2,1,14.5,309.0
272,12,4,2,1,12.8,279.7
273,1,2,0,1,12.2,109.2
273,2,2,0,1,16.5,91.7
273,3,2,0,1,22.2,126.9
273,4,2,0,1,27.1,185.9
273,5,2,0,1,29.9,195.6
273,6,2,0,1,29.8,189.8
273,7,2,0,1,31.7,128.9
273,8,2,0,1,31.1,148.7
273,9,2,0,1,20.7,132.6
273,10,2,0,1,16.7,115.5
273,11,2,0,1,13.5,113.4
273,12,2,0,1,12.9,112.3
274,1,4,2,1,15.0,260.8
274,2,4,2,1,14.2,272.7
274,3,4,2,1,20.6,383.3
274,4,4,2,1,26.7,449.3
274,5,4,2,1,29.8,443.0
274,6,4,2,1,32.7,452.2
274,7,4,2,1,30.0,376.9
274,8,4,2,1,26.6,356.2
274,9,4,2,1,21.9,363.9
274,10,4,2,1,17.9,290.7
274,11,4,2,1,15.3,286.4
274,12,4,2,1,11.2,279.5
275,1,1,0,1,12.3,86.2
275,2,1,0,1,17.6,100.8
275,3,1,0,1,22.2,91.0
275,4,1,0,1,24.5,138.9
275,5,1,0,1,29.9,141.8
275,6,1,0,1,31.3,160.1
275,7,1,0,1,27.2,124.4
275,8,1,0,1,28.2,129.2
275,9,1,0,1,23.2,131.9
275,10,1,0,1,16.1,81.3
275,11,1,0,1,10.3,90.1
275,12,1,0,1,10.8,108.4
276,1,5,0,0,11.6,190.4
276,2,5,0,0,17.0,157.1
276,3,5,0,0,22.2,235.5
276,4,5,0,0,26.4,258.0
276,5,5,0,0,32.4,227.1
276,6,5,0,0,31.0,262.5
276,7,5,0,0,29.6,217.7
276,8,5,0,0,25.9,207.4
276,9,5,0,0,21.1,220.4
276,10,5,0,0,17.3,167.7
276,11,5,0,0,17.1,187.4
276,12,5,0,0,9.0,161.2
277,1,4,2,1,10.9,282.4
277,2,4,2,1,15.0,261.8
277,3,4,2,1,22.5,376.3
277,4,4,2,1,29.6,448.0
277,5,4,2,1,33.5,449.4
277,6,4,2,1,30.3,449.8
277,7,4,2,1,32.7,390.5
277,8,4,2,1,29.2,378.7
277,9,4,2,1,22.8,367.9
277,10,4,2,1,20.6,304.0
277,11,4,2,1,11.7,301.9
277,12,4,2,1,10.9,278.6
278,1,2,1,1,14.1,164.2
278,2,2,1,1,17.7,193.9
278,3,2,1,1,23.6,216.0
278,4,2,1,1,26.0,258.0
278,5,2,1,1,31.2,256.1
278,6,2,1,1,30.3,266.0
278,7,2,1,1,28.0,234.8
278,8,2,1,1,23.8,237.6
278,9,2,1,1,21.4,222.4
278,10,2,1,1,16.3,178.8
278,11,2,1,1,14.2,193.7
278,12,2,1,1,13.5,204.1
279,1,3,0,0,10.5,103.8
279,2,3,0,0,17.5,112.7
279,3,3,0,0,23.6,166.9
279,4,3,0,0,28.1,204.1
279,5,3,0,0,30.5,190.0
279,6,3,0,0,31.1,211.7
279,7,3,0,0,33.6,155.4
279,8,3,0,0,27.6,171.6
279,9,3,0,0,21.8,147.4
279,10,3,0,0,18.3,122.4
279,11,3,0,0,13.6,111.5
279,12,3,0,0,9.4,124.3
280,1,3,2,1,9.2,266.6
280,2,3,2,1,16.2,260.3
280,3,3,2,1,22.4,336.1
280,4,3,2,1,26.3,404.6
280,5,3,2,1,28.4,417.1
280,6,3,2,1,31.7,396.3
280,7,3,2,1,28.9,351.6
280,8,3,2,1,26.5,328.6
280,9,3,2,1,21.1,328.8
280,10,3,2,1,18.9,270.3
280,11,3,2,1,15.7,255.1
280,12,3,2,1,11.6,261.6
281,1,3,1,0,14.1,175.1
281,2,3,1,0,16.8,171.6
281,3,3,1,0,25.0,239.4
281,4,3,1,0,28.7,285.4
281,5,3,1,0,30.6,279.9
281,6,3,1,0,30.9,275.8
281,7,3,1,0,29.1,228.4
281,8,3,1,0,30.1,246.0
281,9,3,1,0,24.2,228.3
281,10,3,1,0,15.1,171.4
281,11,3,1,0,12.7,181.6
281,12,3,1,0,11.8,171.1
282,1,5,1,0,14.1,235.7
282,2,5,1,0,18.8,235.9
282,3,5,1,0,19.9,286.3
282,4,5,1,0,31.4,357.8
282,5,5,1,0,34.2,368.1
282,6,5,1,0,32.4,353.5
282,7,5,1,0,30.6,279.6
282,8,5,1,0,27.0,312.1
282,9,5,1,0,21.1,297.8
282,10,5,1,0,18.3,219.7
282,11,5,1,0,12.7,213.9
282,12,5,1,0,10.8,209.2
283,1,3,0,0,12.0,123.0
283,2,3,0,0,16.2,135.6
283,3,3,0,0,24.0,165.6
283,4,3,0,0,27.5,179.5
283,5,3,0,0,28.9,205.6
283,6,3,0,0,30.9,190.2
283,7,3,0,0,32.2,148.6
283,8,3,0,0,28.6,164.4
283,9,3,0,0,24.6,149.6
283,10,3,0,0,15.1,115.4
283,11,3,0,0,13.7,122.2
283,12,3,0,0,11.4,98.6
284,1,4,0,1,9.9,155.4
284,2,4,0,1,17.9,144.6
284,3,4,0,1,21.5,216.2
284,4,4,0,1,24.7,222.8
284,5,4,0,1,28.4,247.0
284,6,4,0,1,31.2,253.5
284,7,4,0,1,30.8,229.6
284,8,4,0,1,25.1,211.0
284,9,4,0,1,20.8,214.2
284,10,4,0,1,17.2,150.1
284,11,4,0,1,13.1,162.9
284,12,4,0,1,11.1,170.7
285,1,2,2,0,13.2,216.9
285,2,2,2,0,15.8,243.3
285,3,2,2,0,21.4,295.7
285,4,2,2,0,24.2,349.9
285,5,2,2,0,32.2,349.8
285,6,2,2,0,31.7,352.5
285,7,2,2,0,34.1,286.4
285,8,2,2,0,28.2,287.1
285,9,2,2,0,22.0,285.2
285,10,2,2,0,16.4,224.0
285,11,2,2,0,11.6,229.0
285,12,2,2,0,9.3,219.4
286,1,2,0,1,13.6,98.3
286,2,2,0,1,17.1,99.9
286,3,2,0,1,22.7,138.4
286,4,2,0,1,26.3,179.0
286,5,2,0,1,29.5,174.8
286,6,2,0,1,29.7,183.1
286,7,2,0,1,33.3,183.0
286,8,2,0,1,27.1,159.0
286,9,2,0,1,19.3,167.5
286,10,2,0,1,18.2,111.2
286,11,2,0,1,15.2,113.9
286,12,2,0,1,11.3,122.7
287,1,1,0,0,11.8,63.9
287,2,1,0,0,15.6,85.6
287,3,1,0,0,21.1,81.6
287,4,1,0,0,26.1,114.4
287,5,1,0,0,28.9,100.9
287,6,1,0,0,35.2,104.4
287,7,1,0,0,30.2,93.3
287,8,1,0,0,26.4,105.2
287,9,1,0,0,23.4,94.1
287,10,1,0,0,15.1,91.8
287,11,1,0,0,13.2,97.3
287,12,1,0,0,8.6,78.8
288,1,5,1,0,14.6,207.6
288,2,5,1,0,15.2,248.0
288,3,5,1,0,21.7,285.2
288,4,5,1,0,28.7,361.5
288,5,5,1,0,30.0,351.3
288,6,5,1,0,32.2,315.8
288,7,5,1,0,28.6,310.2
288,8,5,1,0,25.8,303.0
288,9,5,1,0,22.4,308.5
288,10,5,1,0,15.0,232.7
288,11,5,1,0,13.2,217.1
288,12,5,1,0,10.8,227.4
289,1,4,0,0,12.0,143.1
289,2,4,0,0,14.7,153.5
289,3,4,0,0,22.2,169.4
289,4,4,0,0,25.8,216.7
289,5,4,0,0,32.0,233.8
289,6,4,0,0,31.8,199.6
289,7,4,0,0,31.0,205.4
289,8,4,0,0,24.6,172.5
289,9,4,0,0,22.9,185.8
289,10,4,0,0,16.2,146.6
289,11,4,0,0,14.8,142.8
289,12,4,0,0,11.7,151.1
290,1,3,2,1,16.4,254.0
290,2,3,2,1,15.1,267.2
290,3,3,2,1,20.1,321.2
290,4,3,2,1,23.9,391.4
290,5,3,2,1,30.6,400.5
290,6,3,2,1,34.1,428.1
290,7,3,2,1,33.6,359.0
290,8,3,2,1,28.8,354.5
290,9,3,2,1,22.3,334.8
290,10,3,2,1,13.6,267.9
290,11,3,2,1,15.1,244.3
290,12,3,2,1,12.0,269.6
291,1,3,2,1,13.1,253.2
291,2,3,2,1,18.9,257.5
291,3,3,2,1,20.9,327.5
291,4,3,2,1,25.3,400.0
291,5,3,2,1,29.9,411.4
291,6,3,2,1,29.4,391.3
291,7,3,2,1,30.7,371.6
291,8,3,2,1,27.6,341.8
291,9,3,2,1,19.8,328.6
291,10,3,2,1,16.9,237.3
291,11,3,2,1,11.5,248.1
291,12,3,2,1,11.6,256.4
292,1,5,1,0,15.1,236.1
292,2,5,1,0,17.0,245.9
292,3,5,1,0,23.0,284.5
292,4,5,1,0,25.4,354.2
292,5,5,1,0,31.3,351.0
292,6,5,1,0,30.7,355.9
292,7,5,1,0,29.5,298.4
292,8,5,1,0,29.2,291.4
292,9,5,1,0,19.6,279.1
292,10,5,1,0,18.5,233.8
292,11,5,1,0,13.1,220.4
292,12,5,1,0,12.7,216.0
293,1,2,2,1,14.6,231.7
293,2,2,2,1,17.3,252.6
293,3,2,2,1,22.9,319.8
293,4,2,2,1,27.9,356.0
293,5,2,2,1,30.7,362.2
293,6,2,2,1,31.6,360.5
293,7,2,2,1,31.2,302.3
293,8,2,2,1,27.9,320.9
293,9,2,2,1,24.9,313.3
293,10,2,2,1,16.7,250.9
293,11,2,2,1,13.1,240.3
293,12,2,2,1,13.5,234.4
294,1,3,0,1,15.7,118.0
294,2,3,0,1,19.0,117.1
294,3,3,0,1,25.0,180.2
294,4,3,0,1,25.6,231.6
294,5,3,0,1,29.0,206.5
294,6,3,0,1,35.9,214.0
294,7,3,0,1,27.6,175.0
294,8,3,0,1,26.5,180.5
294,9,3,0,1,21.9,184.8
294,10,3,0,1,14.7,132.9
294,11,3,0,1,13.8,130.4
294,12,3,0,1,13.6,130.6
295,1,2,2,1,11.8,235.6
295,2,2,2,1,15.0,234.7
295,3,2,2,1,22.0,294.1
295,4,2,2,1,27.9,371.8
295,5,2,2,1,31.5,374.4
295,6,2,2,1,30.3,372.4
295,7,2,2,1,31.6,312.3
295,8,2,2,1,25.3,313.6
295,9,2,2,1,21.4,310.1
295,10,2,2,1,16.6,244.4
295,11,2,2,1,15.2,246.7
295,12,2,2,1,12.1,222.1
296,1,5,1,0,14.3,204.0
296,2,5,1,0,15.4,230.9
296,3,5,1,0,19.4,287.8
296,4,5,1,0,26.3,355.6
296,5,5,1,0,30.3,362.5
296,6,5,1,0,32.1,371.0
296,7,5,1,0,28.6,318.3
296,8,5,1,0,26.4,314.8
296,9,5,1,0,23.8,260.8
296,10,5,1,0,17.7,242.1
296,11,5,1,0,15.3,214.1
296,12,5,1,0,12.9,228.6
297,1,4,0,1,15.1,154.1
297,2,4,0,1,17.4,162.5
297,3,4,0,1,21.6,205.3
297,4,4,0,1,27.3,235.8
297,5,4,0,1,32.0,258.2
297,6,4,0,1,30.8,258.8
297,7,4,0,1,29.4,217.8
297,8,4,0,1,29.0,205.9
297,9,4,0,1,20.8,199.9
297,10,4,0,1,17.5,185.6
297,11,4,0,1,10.8,163.2
297,12,4,0,1,11.9,156.5
298,1,4,0,1,13.2,155.5
298,2,4,0,1,18.9,178.1
298,3,4,0,1,22.1,205.3
298,4,4,0,1,26.3,244.1
298,5,4,0,1,33.4,241.8
298,6,4,0,1,30.7,238.2
298,7,4,0,1,31.8,198.4
298,8,4,0,1,26.9,212.7
298,9,4,0,1,21.0,185.8
298,10,4,0,1,15.4,151.7
298,11,4,0,1,13.0,162.5
298,12,4,0,1,13.2,147.3
299,1,2,2,0,13.8,225.7
299,2,2,2,0,17.0,220.1
299,3,2,2,0,23.3,274.5
299,4,2,2,0,28.0,346.9
299,5,2,2,0,31.0,346.4
299,6,2,2,0,29.2,360.3
299,7,2,2,0,31.9,292.5
299,8,2,2,0,28.1,300.3
299,9,2,2,0,21.1,301.1
299,10,2,2,0,16.4,240.4
299,11,2,2,0,14.1,232.1
299,12,2,2,0,12.9,225.0
